場所名稱,住址
莒光樓,金門縣金城鎮賢城路1號
清金門鎮總兵署,金門縣金城鎮浯江街58號
金門縣文化局,金門縣金城鎮環島北路66號
金門縣文化局圖書館,金門縣金城鎮環島北路66號
金門縣政府,金門縣金城鎮民生路60號
金門縣立體育場,金門縣金城鎮民族路261號
金湖綜合體育館,金門縣金湖鎮士校路5號
金門縣港務處,金門縣金城鎮西海路1段5號
衛生福利部金門醫院,金門縣金湖鎮新市里復興路2號
金門縣社會福利館,金門縣金湖鎮瓊徑路35號
中山林遊客中心,金門縣金寧鄉伯玉路2段460號
乳山遊客中心,金門縣金寧鄉桃園路190號
文化園區歷史民俗博物館,金門縣金沙鎮西園里文化路450巷52號
金門縣消防局,金門縣金寧鄉頂林路315號
金門酒廠實業股份有限公司,金門縣金寧鄉桃園路1號
交通部民用航空局金門航空站,金門縣金湖鎮尚義機場2號
昇恆昌金湖廣場,金門縣金湖鎮太湖路2段198號
風獅爺商店街,金門縣金湖鎮中山路8-8號
烈嶼鄉衛生所,金門縣烈嶼鄉西方6-5號
台灣自來水公司第五區管理處,嘉義市東區中山里民權路293號1樓
嘉義市政府環境保護局,嘉義市東區民族里吳鳳北路184號5樓
嘉義市政府警察局,嘉義市東區東興里中山路195號4樓
耐斯松屋百貨股份有限公司,嘉義市東區義教里忠孝路600號4樓
好事多股份有限公司嘉義店,嘉義市東區後湖里忠孝路668號1樓
台灣電力公司嘉義區營業處,嘉義市東區興南里垂楊路223號1樓
嘉義市政府文化局,嘉義市東區北門里忠孝路275號
嘉義市政府文化局-音樂廳,嘉義市東區北門里忠孝路275號
嘉義市立博物館,嘉義市東區北門里忠孝路275號
嘉義市東區衛生所,嘉義市東區短竹里大雅路2段625號2樓
嘉義市立體育場(東區體育館),嘉義市東區新開里彌陀路381號
嘉義市立體育場(田徑場),嘉義市東區新開里體育路2號
嘉義市立兒童福利中心,嘉義市東區新開里興業東路555號1樓
嘉義市政府,嘉義市東區東興里中山路199號1樓
財政部南區國稅局嘉義市分局,嘉義市東區東興里中山路199號5樓
交通部公路總局嘉義區監理所嘉義市監理站,嘉義市東區義教里保健街89號1樓
嘉義市立體育場(棒球場),嘉義市東區東川里山仔頂249-1號
臺灣嘉義地方檢察署,嘉義市東區太平里林森東路286號
臺灣嘉義地方法院,嘉義市東區太平里林森東路287號
嘉義市政府財政稅務局,嘉義市東區中央里中山路154號1樓
土地銀行嘉義分行,嘉義市東區中央里中山路309號3樓
嘉義市東區區公所,嘉義市東區民族里吳鳳北路184號4樓
嘉義縣公共汽車管理處,嘉義市東區短竹里大雅路2段635號1樓
嘉義市政府消防局,嘉義市東區短竹里立學街16號1樓
新光三越百貨股份有限公司嘉義垂楊分公司,嘉義市西區永和里垂楊路726號9樓
審計部臺灣省嘉義市審計室,嘉義市西區紅瓦里新民路221巷78號1樓
台灣中油股份有限公司煉製研究所,嘉義市西區美源里民生南路217號(醫務室)
台灣銀行嘉義分行,嘉義市西區國華里中山路306號3樓
大潤發流通事業股份有限公司嘉義分公司,嘉義市西區後驛里博愛路2段281號B1
台中榮民總醫院嘉義分院,嘉義市西區劉厝里世賢路2段600號1樓
遠東百貨股份有限公司嘉義分公司,嘉義市西區垂楊里垂楊路537號5樓
交通部臺灣鐵路管理局高雄運務段嘉義站,嘉義市西區番社里中山路528號1樓
衛生福利部嘉義醫院,嘉義市西區福安里北港路312號1樓
世賢圖書館,嘉義市西區保福里世賢路1段685號1樓
中華郵政股份有限公司嘉義郵局,嘉義市西區西平里中興路672號1樓
家福股份有限公司嘉義店,嘉義市西區西平里博愛路2段461號1樓
嘉義市體育場(港坪運動公園體育館),嘉義市西區港坪里大同路100號
臺灣嘉義地方法院嘉義簡易庭,嘉義市東區北門里文化路308-1號
法務部行政執行署嘉義分署,嘉義市東區中山里中山路96號
嘉義市西區衛生所,嘉義市西區福全里德明路1號1樓
嘉義市西區托育資源中心,嘉義市西區竹圍里德安路6號5樓
行政院農業委員會林務局阿里山林業鐵路及文化資產管理處,嘉義市東區北門里林森西路2號
檜意生活村,嘉義市東區北門里忠孝路275-1號
松泰資產管理股份有限公司(秀泰生活),嘉義市西區國華里文化路299號
嘉義文化創意產業園區,嘉義市西區書院里中山路616號
家福股份有限公司北門店,嘉義市東區忠孝路346巷21號
宜蘭縣政府,宜蘭縣宜蘭市凱旋里3縣政北路1號
財政部北區國稅局宜蘭分局,宜蘭縣宜蘭市泰山路65號
財政部國有財產署北區分署宜蘭辦事處,宜蘭縣宜蘭市泰山路66號5樓
宜蘭縣史館,宜蘭縣宜蘭市凱旋里縣政北路3號
國立陽明大學附設醫院新民院區1樓門診,宜蘭縣宜蘭市新民路152號1樓
國立陽明大學附設醫院蘭陽院區2樓小兒科門診,宜蘭縣宜蘭市校舍路169號2樓
國立陽明大學附設醫院蘭陽院區2樓婦產科門診,宜蘭縣宜蘭市校舍路169號2樓
國立陽明大學附設醫院蘭陽院區5樓產房,宜蘭縣宜蘭市校舍路169號5樓
法務部行政執行署宜蘭分署,宜蘭縣宜蘭市中山路2段261號
臺灣菸酒股份有限公司宜蘭酒廠,宜蘭縣宜蘭市舊城西路3號
臺灣銀行宜蘭分行,宜蘭縣宜蘭市舊城南路50號
交通部臺灣鐵路管理局宜蘭運務段宜蘭站,宜蘭縣宜蘭市光復路1號
環華豐股份有限公司新月廣場分公司,宜蘭縣宜蘭市民權路2段38巷6號4樓
宜蘭縣立體育場羅東運動公園,宜蘭縣羅東鎮公正路666號
行政院農業委員會林務局羅東林區管理處,宜蘭縣羅東鎮中正北路118號
交通部臺灣鐵路管理局宜蘭運務段羅東站,宜蘭縣羅東鎮大新里公正路2號
臺北榮民總醫院蘇澳分院,宜蘭縣蘇澳鎮蘇濱路1段301號
武荖坑風景區,宜蘭縣蘇澳鎮武荖坑路75
交通部臺灣鐵路管理局蘇澳新火車站,宜蘭縣蘇澳鎮中山路2段238-1號
宜蘭縣立蘭陽博物館,宜蘭縣頭城鎮青雲路3段750號
台北榮民總醫院員山分院,宜蘭縣員山鄉榮光路386號
交通部臺灣鐵路管理局冬山火車站,宜蘭縣冬山鄉中正路1號
冬山河親水公園,宜蘭縣五結鄉親河路2段2號
國立傳統藝術中心,宜蘭縣五結鄉五濱路2段201號
太平山國家森林遊樂區,宜蘭縣大同鄉太平村太平巷58-1號
連江縣政府,連江縣南竿鄉介壽村76號3樓
連江縣立醫院,連江縣南竿鄉復興村217號1樓
連江縣民俗文物館,連江縣南竿鄉清水村135號3樓
交通部民用航空局南竿航空站,連江縣南竿鄉復興村220號
連江縣港務處北竿港務站,連江縣北竿鄉白沙村72號
交通部民用航空局北竿航空站,連江縣北竿鄉塘岐村261號
基隆市政府,基隆市中正區義一路1
基隆市文化局,基隆市中正區信一路181
基隆市立醫院門診中心,基隆市中正區義二路2巷6
臺灣港務股份有限公司基隆港務分公司,基隆市中正區中正路11
基隆市中正區衛生所,基隆市中正區中正路786-1
國立海洋科技博物館1. 主題館*62. 海洋劇場館*23. 探索館*1,基隆市中正區北寧路3671. 1.3.5.7樓2. 1、2樓3. 3樓
七堵區公所,基隆市七堵區光明路212.3
內政部警政署保安警察第三總隊第一大隊,基隆市七堵區南光街23
基隆市七堵區衛生所,基隆市七堵區光明路211
交通部公路總局臺北區監理所基隆監理站,基隆市七堵區實踐路296
基隆市暖暖區衛生所,基隆市暖暖區暖暖街281巷98
財政部基隆關稅局,基隆市仁愛區港西街6
基隆市仁愛區衛生所,基隆市仁愛區光一路26
基隆市地方法院檢察署,基隆市信義區東信路178
基隆市地方法院,基隆市信義區東信路178
衛生福利部基隆醫院,基隆市信義區信仁路268
基隆市立醫院(院本部),基隆市信義區東信路282
基隆市立游泳池,基隆市信義區信二路40-1
基隆市中山區衛生所,基隆市中山區中山二路15
基隆市消防局,基隆市安樂區基金一路129巷6
基隆市稅務局,基隆市安樂區安樂路2162
基隆市安樂區地政事務所,基隆市安樂區安樂路21644
基隆市政府社會處-婦幼福利服務中心,基隆市安樂區麥金路4821
基隆市安樂區衛生所,基隆市安樂區安樂路21641前棟
基隆市環保局行政大樓,基隆市信義區東光路253
信義區公所,基隆市信義區信二路1794
基隆市衛生局,基隆市信義區信二路2661
基隆市信義區衛生所,基隆市信義區信一路69
台灣港務股份有限公司 基隆分公司,基隆市仁愛區港西街6
台灣電力公司營運處,基隆市仁愛區仁一路301
中華郵政股份有限公司基隆郵局,基隆市仁愛區愛三路130
交通部台灣鐵路管理局台北運務段七堵站,基隆市七堵區東新街2-1
交通部台灣鐵路管理局基隆站,基隆市仁愛區港西街5
交通部臺灣鐵路管理局臺北運務段八堵站,基隆市暖暖區八堵路142
遠百企業股份有限公司基隆分公司,基隆市信義區深溪路53B1
基隆長榮桂冠酒店,基隆市中正區中正路62之1號6樓(健身房)
屏東縣政府消防局,屏東縣屏東市和興里忠孝路226號6樓
台電屏東區處服務中心,屏東縣屏東市和興里忠孝路329號1樓
屏東縣榮民服務處,屏東縣屏東市建國路300-1號2樓
水利署第七河川局,屏東縣屏東市建國路291號1樓
屏東就業服務中心,屏東縣屏東市永安里復興路446號2樓
屏東地方法院,屏東縣屏東市永安里棒球路9號2樓
屏東地方法院檢察署,屏東縣屏東市永安里棒球路11號2樓
屏東市衛生所,屏東縣屏東市厚生里建國路92號1樓
屏東藝術館,屏東縣屏東市和平路427號3樓
中央健保局,屏東縣屏東市廣東路1518號2樓
家樂福,屏東縣屏東市仁愛路188號2樓、地下1樓
稅務局,屏東縣屏東市北平路24號2樓
屏東縣政府衛生局,屏東縣屏東市自由路272號1樓
介壽圖書館,屏東縣屏東市公園路24-1號1樓
衛生福利部屏東醫院,屏東縣屏東市自由路270號1樓
屏東國有財產局,屏東縣屏東市林森路48號1樓
屏東社福館,屏東縣屏東市華正路97號1樓
屏東環保局,屏東縣屏東市自由路271號3樓
屏東郵政總局,屏東縣屏東市民生路250號4樓
屏東勞工處,屏東縣屏東市建國里自由路17號3樓
復興圖書館,屏東縣屏東市劍南路162號1樓
屏東台糖量販店,屏東縣屏東市台糖街3號B1
屏東市代表會,屏東縣屏東市台糖街21號1樓
屏東市公所,屏東縣屏東市台糖街61號2樓
屏東市移民署,屏東縣屏東市中山路60號1樓
屏東太平洋百貨,屏東縣屏東市中正路72號5樓
台灣銀行屏東分行,屏東縣屏東市中山路43號2樓
台灣銀行中屏分行,屏東縣屏東市中華路9號2樓
屏東殘障福利館,屏東縣屏東市建豐路35號2樓
屏東縣政府文化處,屏東縣屏東市大連路69號3樓
行政執署屏東分署,屏東縣屏東市建豐路28號1樓
台糖公司,屏東縣屏東市復興路245號2樓
家畜疾病防治所,屏東縣屏東市民學路23號1樓
國軍高雄總醫院屏東分院,屏東縣屏東市大湖路22號1樓
屏東縣政府警察局,屏東縣屏東市中正路119號4樓
屏東地政事務所,屏東縣屏東市自由路529號1樓
屏東戶政事務所,屏東縣屏東市自由路531號1樓
屏東縣政府,屏東縣屏東市自由路527號2樓
屏東縣議會,屏東縣屏東市忠孝路223號1樓
屏東縣選舉委員會,屏東縣屏東市太原一路36號1樓
財政部台灣省南區國稅局屏東縣分局,屏東縣屏東市北興街55號3樓
屏東監理站,屏東縣屏東市忠孝路222號1樓
審計部台灣省屏東縣審計室,屏東縣屏東市信義路155號1樓
屏東縣政府警察局交通隊,屏東縣屏東市和生路1段509號1樓
屏東火車站,屏東縣屏東市光復路43號
農田水利會,屏東縣屏東市信義路143號1樓
環球購物中心,屏東縣屏東市仁愛路90號4樓
潮州鎮圖書館,屏東縣潮州鎮三星路39號
潮州鎮公所,屏東縣潮州鎮中山路38號
潮州鎮地政事務所,屏東縣潮州鎮四維路20號
潮州鎮稅務分局,屏東縣潮州鎮三華巷16號
潮州稽徵所,屏東縣潮州鎮永康街66號
潮州鎮衛生所,屏東縣潮州鎮永坤路107號
潮州鎮公所清潔隊(室內網球場),屏東縣潮州鎮三城路301號2樓
警察潮州分局,屏東縣潮州鎮中山路12號
公路局第三養護工程處,屏東縣潮州鎮光復路259號
台灣銀行潮州分行,屏東縣潮州鎮新生路13之2號
土地銀行潮州分行,屏東縣潮州鎮新生路12號
八大森林遊樂區,屏東縣潮州鎮潮州路800號
交通部台灣鐵路管理局潮州火車站,屏東縣潮州鎮新榮里信義路111號
東港鎮公所,屏東縣東港鎮中山路2之100號
東港鎮衛生所,屏東縣東港鎮新生三路23號
台灣銀行東港分行,屏東縣東港鎮新勝街105號
屏東縣警察局東港分局,屏東縣東港鎮船頭里沿海路1號
交通部觀光局大鵬灣國家風景區管理處,屏東縣東港鎮大鵬里大潭路169號
東港地政事務所,屏東縣東港鎮中正路181號
屏東縣社會處東港區家庭福利服務中心,屏東縣東港鎮新生三路175號
恆春監理分站,屏東縣恆春鎮草埔路11號1樓
民航局恆春航空站,屏東縣恆春鎮省北路2段393號1樓
墾丁國家公園管理處-遊客中心,屏東縣恆春鎮墾丁路596號
墾丁國家公園管理處-行政中心,屏東縣恆春鎮墾丁路596號
台電核三廠,屏東縣恆春鎮南灣里南灣路387號1樓
台電核三廠展示館,屏東縣恆春鎮大光里大光路79之64號2樓
墾丁森林遊樂區,屏東縣恆春鎮墾丁里公園路201號2樓
恆春鎮衛生所,屏東縣恆春鎮文化路78號1樓
屏東縣消防局墾丁分隊,屏東縣恆春鎮鵝鑾里船帆路730號3樓
屏東縣消防局恆春分隊,屏東縣恆春鎮天文路60號4樓
恆春警察局,屏東縣恆春鎮中正路60號3樓
恆春戶政事務所,屏東縣恆春鎮天文路60號1樓
恆春鎮公所,屏東縣恆春鎮天文路1號1樓
萬丹鄉公所,屏東縣萬丹鄉萬後村和平西路155號
萬丹鄉圖書館,屏東縣萬丹鄉萬後村和平西路157號
萬丹鄉衛生所,屏東縣萬丹鄉四維村萬丹路1段501號
長治鄉衛生所,屏東縣長治鄉金星村潭頭路3號
長治鄉鄉公所,屏東縣長治鄉進興村潭頭路1號
行政院農業委員會高雄區農業改良場,屏東縣長治鄉德和村德和路2-6號
行政院農業委員會屏東農業生物科技園區籌備處,屏東縣長治鄉德和村神農路1號
九如鄉衛生所,屏東縣九如鄉九如路2段247號2樓
九如鄉公所,屏東縣九如鄉九如路2段416號3樓
九如鄉立圖書館,屏東縣九如鄉九如路2段264號
里港鄉衛生所,屏東縣里港鄉大平村中山路103-1號
里港鄉鄉公所,屏東縣里港鄉永春村中山路104號
里港鄉戶政事務所,屏東縣里港鄉大平村中山路105號
麟洛鄉鄉公所,屏東縣麟洛鄉中山路158號
麟洛鄉衛生所,屏東縣麟洛鄉麟蹄村中山路156之1號
鹽埔鄉衛生所,屏東縣鹽埔鄉勝利路187號
鹽埔鄉圖書館,屏東縣鹽埔鄉新二村彭厝路111號
台灣矢崎股份有限公司,屏東縣鹽埔鄉洛陽村四維路4號
高樹鄉衛生所,屏東縣高樹鄉長榮村南昌路12-2號
高樹鄉公所,屏東縣高樹鄉興中路330號
萬巒鄉衛生所,屏東縣萬巒鄉萬全村褒忠路14-2號2樓
萬巒國中,屏東縣萬巒鄉萬全村褒忠路5號2樓
台灣菸酒股份有限公司 屏東酒廠,屏東縣內埔鄉豐田村建國路34號
台灣菸酒股份有限公司 屏東菸廠,屏東縣內埔鄉豐田村建國路36號
屏東縣政府警察局 內埔分局,屏東縣內埔鄉內埔村中興路158號
屏東縣內埔鄉公所,屏東縣內埔鄉內埔村廣濟路26號
屏東縣內埔鄉衛生所,屏東縣內埔鄉內埔村中興路191號
客家委員會 客家文化發展中心 (六堆客家文化園區),屏東縣內埔鄉建興村信義路588號
高雄榮民總醫院 屏東分院,屏東縣內埔鄉龍泉村昭勝路1號
台灣青啤公司龍泉啤酒廠,屏東縣內埔鄉東寧村北寧路448號
竹田鄉衛生所,屏東縣竹田鄉竹田村中山路25號1樓
竹田鄉鄉公所,屏東縣竹田鄉竹田村中正路123號
新埤鄉衛生所,屏東縣新埤鄉新埤村中正路38號
枋寮鄉衛生所,屏東縣枋寮鄉枋寮村德興路77號
屏東縣政府警察局枋寮分局,屏東縣枋寮鄉枋寮村中興路33號
枋寮鄉公所,屏東縣枋寮鄉枋寮村德興路36號
台灣土地銀行,屏東縣枋寮鄉隆山村隆山路111號2樓
縣立枋寮高中,屏東縣枋寮鄉新龍村義民路3號
枋寮鄉地政事務所,屏東縣枋寮鄉枋寮村德興路32號1樓
建興國小,屏東縣枋寮鄉人和村建興路39號
東海派出所,屏東縣枋寮鄉東海村東林路717號
新園鄉衛生所,屏東縣新園鄉仙吉路89-2號2樓
新園鄉鄉公所,屏東縣新園鄉仙吉路148號2樓
新園國小,屏東縣新園鄉媽祖路49號(保健室)
崁頂鄉公所,屏東縣崁頂鄉崁頂村中正路230號
崁頂鄉衛生所,屏東縣崁頂鄉崁頂村興農路29-9號
崁頂垃圾資源回收焚化廠,屏東縣崁頂鄉中正路881號
林邊鄉衛生所,屏東縣林邊鄉興林村和平路45號
南州鄉公所,屏東縣南州鄉仁里村仁里路11號
南州火車站,屏東縣南州鄉仁里村仁里路86號
南州鄉衛生所,屏東縣南州鄉溪南村人和路239號
慈惠醫護管理專科學校,屏東縣南州鄉三民路367號
佳冬鄉公所,屏東縣佳冬鄉佳冬村佳昌路2號
佳冬鄉衛生所,屏東縣佳冬鄉六根村佳和路87-1號
警察局枋寮分局佳冬分駐所,屏東縣佳冬鄉六根村佳和路87號
國立佳冬高級農業職業學校,屏東縣佳冬鄉佳冬村佳農街67號
琉球鄉衛生所,屏東縣琉球鄉中山路51號
琉球鄉鄉公所　,屏東縣琉球鄉行政路12號
車城鄉衛生所,屏東縣車城鄉福安村福安路2-30號2樓
車城鄉鄉公所,屏東縣車城鄉福安村中山路54號2樓
國立海洋生物博物館　,屏東縣車城鄉後灣村後灣路2號
滿州鄉衛生所,屏東縣滿州鄉中山路31號
滿州鄉鄉公所,屏東縣滿州鄉中山路43號
枋山鄉鄉公所,屏東縣枋山鄉枋山村枋山路82號
枋山鄉衛生所,屏東縣枋山鄉枋山村枋山路98號
三地門鄉衛生所,屏東縣三地門鄉三地村1鄰行政街4號1樓
霧台鄉衛生所,屏東縣霧台鄉霧台村68號
霧台鄉公所,屏東縣霧台鄉霧台村73號
瑪家鄉衛生所,屏東縣瑪家鄉北葉村86號
瑪家鄉公所,屏東縣瑪家鄉北葉村85號
泰武衛生所,屏東縣泰武鄉佳平村179號
泰武鄉公所,屏東縣泰武鄉佳平村168號
來義鄉衛生所,屏東縣來義鄉古樓村中正路90號2樓
來義鄉鄉公所,屏東縣來義鄉古樓村中正路92號1樓
春日鄉衛生所,屏東縣春日鄉春日村176號
春日鄉鄉公所,屏東縣春日鄉春日村322號
屏東縣獅子鄉衛生所,屏東縣獅子鄉楓林村31號
雙流國家森林遊樂區,屏東縣獅子鄉草埔村30號
牡丹鄉衛生所,屏東縣牡丹鄉石門村石門路19號
牡丹鄉鄉公所,屏東縣牡丹鄉石門村石門路26號
彰化縣二水鄉公所,彰化縣二水鄉南通路二段764號
彰化縣二水鄉戶政事務所,彰化縣二水鄉員集路三段472號
彰化縣二水鄉圖書館,彰化縣二水鄉聖化村溪邊巷72號
彰化縣二林鎮立圖書館,彰化縣二林鎮斗苑路4段626號
彰化縣二林地政事務所,彰化縣二林鎮豐田里斗苑路4段689號
彰化縣大村鄉公所,彰化縣大村鄉大村村中正西路338號
台灣鐵路管理局大村站,彰化縣大村鄉過溝村福進路100號
彰化縣大村鄉立圖書館,彰化縣大村鄉慶安路429巷25號
彰化縣大城鄉立圖書館,彰化縣大城鄉東城村中平路163號
彰化縣大城鄉公所,彰化縣大城鄉東城村中平路185號
彰化縣北斗鎮公所,彰化縣北斗鎮公所街
彰化縣北斗鎮地政事務所,彰化縣北斗鎮地政路416號
彰化縣北斗鎮戶政事務所,彰化縣北斗鎮地政路466號
彰化縣永靖鄉公所,彰化縣永靖鄉永西村瑚璉路230號
彰化縣永靖鄉立托兒所,彰化縣永靖鄉港西村永社路267號
台灣鐵路管理局田中站,彰化縣田中鎮中路里中州路1段1號
彰化縣田中地政事務所,彰化縣田中鎮西路里明慶街158號
彰化縣警察局田中分局,彰化縣田中鎮沙崙里興酪路1段299號
彰化縣竹塘鄉立托兒所,彰化縣竹塘鄉仁愛街98號
彰化縣竹塘鄉公所,彰化縣竹塘鄉竹林路1段305號
彰化縣伸港鄉戶政事務所,彰化縣伸港鄉大同村中興路2段197號
彰化縣伸港鄉公所,彰化縣伸港鄉大同村中興路二段201號1樓
彰化縣伸港鄉立幼兒園,彰化縣伸港鄉新港村中山東街46號
彰化縣伸港鄉立圖書館,彰化縣伸港鄉新港村中正路89號
彰化縣秀水鄉戶政事務所,彰化縣秀水鄉安東村中山路290之5號
彰化縣和美鎮立托兒所聯合班,彰化縣和美鎮忠孝路329號
彰化縣和美鎮戶政事務所,彰化縣和美鎮鹿和路6段335號
彰化縣和美鎮公所,彰化縣和美鎮鹿和路6段337號
彰化縣和美鎮立圖書館,彰化縣和美鎮道周路346號
彰化縣警察局和美分局,彰化縣和美鎮彰美路5段328號
彰化縣和美地政事務所,彰化縣和美鎮德美路515號
社頭鄉公所,彰化縣社頭鄉社斗路1段295號
社頭鄉立圖書館,彰化縣社頭鄉信義三路55號
彰化縣芬園鄉立托兒所,彰化縣芬園鄉同安村中山路139號
彰化縣芬園鄉公所,彰化縣芬園鄉社口村芬草路2段300號
彰化縣芬園鄉圖書館,彰化縣芬園鄉社口村彰南路4段25號
彰化縣花壇鄉立圖書館,彰化縣花壇鄉中正路72號
彰化縣花壇鄉公所,彰化縣花壇鄉南口村中山路2段182號
彰化監理站,彰化縣花壇鄉南口村中山路2段457號
彰化縣芳苑鄉立示範托兒所,彰化縣芳苑鄉三合村工區一路45巷83弄17號
彰化縣警察局芳苑分局,彰化縣芳苑鄉三合村斗苑路三合段522號
彰化縣芳苑鄉公所,彰化縣芳苑鄉芳苑村斗苑路202號
"彰化縣鎮立圖書館,美術館",彰化縣員林市三民街2-1號2樓
彰化縣員林市地政事務所,彰化縣員林市三和里大同路1段318號1樓
彰化縣文化局員林演藝廳,彰化縣員林市大饒里中正路2巷99號3樓
彰化地方法院,彰化縣員林市員林大道2段1號1樓
台灣鐵路管理局員林站,彰化縣員林市民權街55號1樓
員林就業中心,彰化縣員林市靜修東路33號2樓
財政部國有財產局中區辦事處彰化分處,彰化縣員林市靜修路23號2樓
財政部臺灣省中區國稅局員林稽徵所,彰化縣員林市三義里惠明街309號
彰化縣埔心鄉立幼兒園,彰化縣埔心鄉太平路336號
大潤發員林店(埔心鄉),彰化縣埔心鄉瓦南村中山路319號
彰化縣埔心鄉立圖書館,彰化縣埔心鄉義民村員鹿路2段328號
彰化縣埔心鄉公所,彰化縣埔心鄉義民村員鹿路2段344號
彰化縣埔鹽鄉公所,彰化縣埔鹽鄉中正路192號
彰化縣埤頭鄉立圖書館,彰化縣埤頭鄉文鄉路135號
彰化縣埤頭鄉公所,彰化縣埤頭鄉合興村斗苑西路138號
彰化縣鹿港地政事務所,彰化縣鹿港鎮景福里民權路152號
彰化縣鹿港鎮公所,彰化縣鹿港鎮景福里民權路168號
彰化縣溪州鄉立圖書館,彰化縣溪州鄉尾厝村溪下路4段556號
彰化縣溪州鄉公所,彰化縣溪州鄉尾厝村溪下路4段560號
彰化縣溪湖地政事務所,彰化縣溪湖鎮大公路99號
彰化縣溪湖鎮立圖書館,彰化縣溪湖鎮太平街147號
彰化縣溪湖鎮公所,彰化縣溪湖鎮湖東里青雅路58號
彰化縣警察局溪湖分局,彰化縣溪湖鎮湖東里青雅路88號
彰化縣溪湖糖廠,彰化縣溪湖鎮彰水路2段762號
臺灣鐵路管理局彰化站,彰化縣彰化市三民路1號
彰化藝術館,彰化縣彰化市中山路270號
彰化縣原住民生活館,彰化縣彰化市中山路3段266之1號
彰化縣衛生局,彰化縣彰化市中山路2段162號
彰化縣地方稅務局,彰化縣彰化市中山路2段187號
彰化縣政府,彰化縣彰化市中山路2段416號
彰化縣文化局,彰化縣彰化市中山路2段500號
彰化縣消防局,彰化縣彰化市中央路1號
彰化中央路郵局,彰化縣彰化市中央路270號
彰化縣警察總局,彰化縣彰化市中正路2段778號
彰化縣政府第二辦公大樓,彰化縣彰化市中興路100號
彰化市公所,彰化縣彰化市光復路74號
彰化縣生活美學館,彰化縣彰化市卦山路18號
彰化縣立美術館,彰化縣彰化市卦山路3號
彰化縣彰化市立圖書館,彰化縣彰化市卦山路4號
家樂福股份有限公司彰化分公司,彰化縣彰化市金馬路2段321號
彰化縣環境保護局,彰化縣彰化市建興路1號2樓
線西鄉立圖書館,彰化縣線西鄉寓埔村和線路980號
彰化縣線西鄉公所,彰化縣線西鄉和線路983號
台灣高鐵彰化站,彰化縣田中鎮站區路2段99號
彰北國民運動中心,彰化縣彰化市阿夷里13鄰建國東路2號
彰化縣鹿港鎮立體育場,彰化縣鹿港鎮埔崙里中正路531號
臺東縣衛生局,臺東縣臺東市民族里博愛路336號
臺東美術館,臺東縣臺東市民生里021鄰浙江路350號
臺東縣警察局,臺東縣臺東市文化里005鄰中山路268號
臺東縣政府,臺東縣臺東市文化里005鄰中山路276號
臺東縣立文化中心,臺東縣臺東市民族里南京路25號
臺東縣臺東地政事務所,臺東縣臺東市豐年里002鄰中興路二段735號
臺東縣臺東市公所,臺東縣臺東市文化里014鄰博愛路365號
臺東市戶政事務所,臺東縣臺東市文化里014鄰信義路291號
臺東縣政府縣民服務中心,臺東縣臺東市文化里006鄰博愛路275號
臺東縣臺東市衛生所,臺東縣臺東市復國里020鄰大同路51號
內政部入出國及移民署臺東縣服務站,臺東縣臺東市東海里014鄰長沙街59號
海洋委員會海巡署東部分署,臺東縣臺東市岩灣里017鄰興安路二段546號
行政院海岸巡防署東部地區巡防局海洋驛站,臺東縣臺東市復興里南海路191號
臺灣自來水公司第十區管理處,臺東縣臺東市建國里012鄰臨海路一段48號
臺灣臺東地方法院檢察署,臺東縣臺東市民生里021鄰浙江路310號
法務部矯正署岩灣技能訓練所,臺東縣臺東市岩灣里008鄰興安路二段642號
法務部矯正署臺東監獄,臺東縣臺東市復興里007鄰廣東路317號
臺東縣消防局,臺東縣臺東市寶桑里011鄰四維路二段100號
臺東縣議會,臺東縣臺東市豐年里002鄰中興路二段727號
臺東大同路郵局臺東901支局,臺東縣臺東市大同里大同路126號
臺灣銀行臺東分行,臺東縣臺東市中山里002鄰中山路313號
臺北榮民總醫院臺東分院,臺東縣臺東市南榮里003鄰更生路1000號
衛生福利部臺東醫院,臺東縣臺東市民權里五權街1號
財政部南區國稅局臺東分局,臺東縣臺東市中華里018鄰中山路1號
臺東縣稅務局,臺東縣臺東市豐年里002鄰中興路二段729號
國立臺東生活美學館,臺東縣臺東市中山里001鄰大同路254號
行政院農業委員會林務局臺東林區管理處,臺東縣臺東市復興里廣東路297號
行政院農業委員會林務局臺東林區管理處知本工作站,臺東縣臺東市建興里青海路四段501號
臺東地方法院,臺東縣臺東市寶桑里博愛路128號
行政院農委會臺東區農業改良場,臺東縣臺東市新興里中華路一段675號
臺東縣體育場,臺東縣臺東市東海里桂林北路52120號
臺東監理站,臺東縣臺東市豐榮里正氣北路441號
行政院農業委員會水土保持局臺東分局,臺東縣臺東市新興里012鄰中華路一段665號
台東縣旅遊中心,臺東縣臺東市鐵花村369號
勞動部勞動力發展署高屏澎東分署台東就業中心,臺東縣臺東市民族里博愛路356號
國立臺灣史前文化博物館,臺東縣臺東市豐田里博物館路1號
交通部觀光局東部海岸國家風景區管理處,臺東縣臺東市富岡里松江路一段500號
臺東縣公教會館,臺東縣臺東市民族里南京路19號
臺東市第一公有零售市場,臺東縣臺東市興國里正氣路263-1號
交通部民用航空局臺東航空站,臺東縣臺東市永樂里民航路1100號
交通部臺灣鐵路局花蓮運務段臺東站,臺東縣臺東市岩灣里岩灣路101598號
大潤發流通事業股份有限公司臺東分公司,臺東縣臺東市豐年里中興路三段592號
家樂福股份有限公司臺東分公司,臺東縣臺東市文化里正氣路300-1號
臺東秀泰廣場,臺東縣臺東市鐵花里新生路93號
臺東縣長濱鄉衛生所,臺東縣長濱鄉長濱村007鄰中興46號
臺東縣鹿野鄉衛生所,臺東縣鹿野鄉鹿野村中華路一段418號
臺東縣鹿野鄉公所,臺東縣鹿野鄉鹿野村中華路二段137號
法務部矯正署臺東戒治所,臺東縣鹿野鄉瑞豐村001鄰永嶺路270號
臺東縣卑南鄉衛生所,臺東縣卑南鄉太平村和平路132號
臺東縣卑南鄉公所,臺東縣卑南鄉太平村和平路111號
臺東初鹿牧場,臺東縣卑南鄉明峰村028鄰牧場1號
臺東縣卑南鄉知本森林遊樂區,臺東縣卑南鄉溫泉村龍泉路290號
臺東縣金峰鄉衛生所,臺東縣金峰鄉賓茂村14號
臺東縣金峰鄉公所,臺東縣金峰鄉嘉蘭村004鄰166號1樓
臺東縣達仁鄉衛生所,臺東縣達仁鄉安朔村013鄰122號
臺東縣達仁鄉公所,臺東縣達仁鄉安朔村009鄰14號
臺東縣達仁鄉圖書館,臺東縣達仁鄉安朔村010鄰復興路46號2樓
臺東縣東河鄉公所,臺東縣東河鄉東河村011鄰南東河路311號
法務部矯正署泰源技能訓練所,臺東縣東河鄉北原村32號
臺東縣東河衛生所,臺東縣東河鄉東河村010鄰300號
東河休閒農場,臺東縣東河鄉北源村45鄰67號
臺東縣延平鄉公所,臺東縣延平鄉桃源村001鄰1號
臺東縣延平衛生所,臺東縣延平鄉桃源村001鄰昇平路11號
交通部台灣鐵路管理局太麻里站,臺東縣太麻里鄉大王村站前路2號
臺東縣太麻里鄉衛生所,臺東縣太麻里鄉泰和村002鄰民權路66號
臺東縣成功鎮公所,臺東縣成功鎮中山路176號
臺東縣政府社會處,臺東縣成功鎮中華路6號
臺東縣成功鎮地政事務所,臺東縣成功鎮公民路93號
成功鎮交通部觀光局東部海岸國家風景區管理處--遊客服務中心,臺東縣成功鎮信義里009鄰新村路25號
成功鎮交通部觀光局東部海岸國家風景區管理處--行政部,臺東縣成功鎮信義里009鄰新村路25號
交通部民用航空局綠島航空站,臺東縣綠島鄉南寮村231號
綠島人權文化園區,臺東縣綠島鄉公館村將軍岩20號
臺東縣綠島衛生所,臺東縣綠島鄉中寮村1號
台糖公司休閒遊憩事業部池上牧野度假村,臺東縣池上鄉新興村110號
臺東縣池上衛生所,臺東縣池上鄉福原村中山路104號
臺東縣關山鎮公所-圖書館,臺東縣關山鎮21號
臺東縣關山鎮地政事務所,臺東縣關山鎮自由路2巷14號
臺東縣關山鎮衛生所,臺東縣關山鎮中福里010鄰中華路78號
臺東縣警察局關山分局關山派出所,臺東縣關山鎮中福里013鄰中正路27號
臺東縣海端鄉公所,臺東縣海端鄉海端村004鄰山界43號
臺東縣大武鄉衛生所,臺東縣大武鄉大武村023鄰濱海路100號
交通部民用航空局蘭嶼航航空站,臺東縣蘭嶼鄉紅頭村漁人151號
臺東縣蘭嶼衛生所,臺東縣蘭嶼鄉紅頭村36號
秀林鄉衛生所,花蓮縣秀林鄉秀林村12秀林路88
新城鄉衛生所,花蓮縣新城鄉北埔村北埔路160
國軍花蓮總醫院,花蓮縣新城鄉嘉里村嘉里路163
花蓮市衛生所,花蓮縣花蓮市新興路200
衛生福利部花蓮醫院,花蓮縣花蓮市中正路600
健保署東區業務組,花蓮縣花蓮市軒轅路36
臺灣高等法院花蓮分院,花蓮縣花蓮市民權路127
臺灣花蓮地方法院,花蓮縣花蓮市府前路15
花蓮地方法院花蓮簡易庭,花蓮縣花蓮市球崙一路286
花蓮縣立體育場,花蓮縣花蓮市達固湖灣大路23
花蓮縣文化局,花蓮縣花蓮市文復路6
花蓮縣文化局-演藝廳,花蓮縣花蓮市文復路6
花蓮縣政府,花蓮縣花蓮市府前路17
花蓮縣地方稅務局,花蓮縣花蓮市府前路19
花蓮縣環保局,花蓮縣花蓮市民權路123
花蓮地政事務所,花蓮縣花蓮市府後路23
花蓮市戶政事務所,花蓮縣花蓮市復興街67
花蓮市公所,花蓮縣花蓮市林森路252
花蓮縣動植物防疫所,花蓮縣花蓮市瑞美路5
國軍退除役官兵輔導委員會花蓮榮譽國民之家,花蓮縣花蓮市府前路29
國軍退除役官兵輔導委員會花蓮榮民服務處,花蓮縣花蓮市菁華街6-1
財政部關務署基隆關花蓮分關,花蓮縣花蓮市港口路7
吉安鄉衛生所,花蓮縣吉安鄉吉安村吉安路2132
行政院農業委員會花蓮區農業改良場,花蓮縣吉安鄉吉安村吉安路2150
吉安鄉戶政事務所,花蓮縣吉安鄉吉安路2124巷6
臺灣花蓮農田水利會,花蓮縣吉安鄉北昌村北昌五街14巷1
法務部矯正署花蓮監獄,花蓮縣吉安鄉干城村吉安路6700
壽豐鄉公所,花蓮縣壽豐鄉壽豐村壽山路26
壽豐鄉衛生所,花蓮縣壽豐鄉壽豐村公園路28巷10
鳳林鎮衛生所,花蓮縣鳳林鎮光華路95
台北榮民總醫院鳳林分院,花蓮縣鳳林鎮中正路12
鳳林地政事務所,花蓮縣鳳林鎮信義路200
鳳林鎮公所,花蓮縣鳳林鎮光華路124
光復鄉衛生所,花蓮縣光復鄉大馬村中學街158
光復鄉公所,花蓮縣光復鄉中華路257
光復鄉立圖書館,花蓮縣光復鄉大安村忠孝路23巷11
豐濱鄉衛生所,花蓮縣豐濱鄉光豐路39
豐濱鄉公所,花蓮縣豐濱鄉光豐路32
衛生福利部花蓮醫院豐濱分院,花蓮縣豐濱鄉光豐路41
瑞穗鄉公所,花蓮縣瑞穗鄉成功南路19
瑞穗鄉衛生所,花蓮縣瑞穗鄉民生街75
萬榮鄉衛生所,花蓮縣萬榮鄉萬榮村112
萬榮鄉公所,花蓮縣萬榮鄉萬榮村119
玉里鎮衛生所,花蓮縣玉里鎮中正路152
花蓮地方法院玉里簡易庭,花蓮縣玉里鎮莊敬路69
衛生福利部玉里醫院,花蓮縣玉里鎮中華路448
行政院國軍退除役官兵輔導委員會玉里榮民醫院,花蓮縣玉里鎮新興街91
富里鄉衛生所,花蓮縣富里鄉中山路203
富里鄉公所,花蓮縣富里鄉中山路376
卓溪鄉衛生所,花蓮縣卓溪鄉卓溪村中正路65
卓溪鄉公所,花蓮縣卓溪鄉中正路70
太魯閣國家公園遊客中心,花蓮縣秀林鄉富世村291
太魯閣國家公園遊客中心-布洛灣遊客中心,花蓮縣秀林鄉富世村230
中華郵政股份有限公司花蓮郵局,花蓮縣花蓮市中山路408
臺灣菸酒股份有限公司花蓮展售中心,花蓮縣花蓮市美工路6
台灣電力公司花蓮區營業處,花蓮縣花蓮市中山路238
臺灣銀行花蓮分行,花蓮縣花蓮市公園路3
台灣土地銀行花蓮分行,花蓮縣花蓮市中山路356
東部海岸國家風景區管理處-花蓮遊客中心,花蓮縣壽豐鄉塩寮村大坑5
花東縱谷國家風景區管理處-鯉魚潭遊客中心,花蓮縣壽豐鄉環潭北路100
臺灣糖業公司花東區處,花蓮縣光復鄉大進村大進村116
花東縱谷國家風景區管理處-鶴岡遊客中心,花蓮縣瑞穗鄉興鶴路2168
東部海岸國家風景區管理處-奚卜蘭遊客中心,花蓮縣瑞穗鄉中山路215
花東縱谷國家風景區管理處-羅山管理站暨遊客中心,花蓮縣富里鄉羅山村9東湖39
玉山國家公園南安遊客服務中心,花蓮縣卓溪鄉卓清村83-3
交通部臺灣鐵路管理局和平站,花蓮縣秀林鄉和平村276
交通部民用航空局花蓮航空站,花蓮縣新城鄉嘉里村機場1
交通部臺灣鐵路管理局花蓮站,花蓮縣花蓮市國聯一路100
交通部臺灣鐵路管理局富里站,花蓮縣富里鄉富里村車站街56
太魯閣天祥晶英酒店,花蓮縣秀林鄉天祥18
家樂福量販店花蓮店,花蓮縣新城鄉嘉里村嘉里路15
HOLA特力和樂花蓮店,花蓮縣新城鄉嘉里村嘉里路15B1
地耕味-玩味蕃樂園,花蓮縣新城鄉康樂村加灣17-1
亞士都飯店,花蓮縣花蓮市民權路6-1
翰品酒店,花蓮縣花蓮市永興路2
遠東百貨花蓮店,花蓮縣花蓮市和平路581
B&Q特力屋,花蓮縣花蓮市林森路176
遠雄悅來大飯店,花蓮縣壽豐鄉山嶺18
國立科學工藝博物館,高雄市三民區九如一路720號
高雄市政府社會局兒童福利服務中心,高雄市三民區九如一路775號
高雄市政府婦女館,高雄市三民區九如一路777號
高雄市立圖書館三民分館,高雄市三民區(二)十全一路220號
家樂福鼎山店,高雄市三民區大順二路849號
高雄市三民區第二戶政事務所,高雄市三民區大順二路468號9樓
高雄市殯葬管理處,高雄市三民區本館路600巷20號
高雄國稅局三民分局第二辦公室,高雄市三民區大順一路486號6樓
大樂量販店,高雄市三民區民族一路463號
高雄市政府客家事務委員會,高雄市三民區(二)同盟二路217號
家樂福愛河店,高雄市三民區(二)河東路356號
高雄市三民區第一戶政事務所,高雄市三民區(二)哈爾濱街215號6樓
高雄火車站(東側),高雄市三民區(二)建國二路318號東側
高雄火車站(西側),高雄市三民區(二)建國二路318號西側
高雄市國稅局三民分局第一辦公室,高雄市三民區(二)哈爾濱街215號7樓
高雄市立圖書館大社分館,高雄市大社區自強街11號
高雄市大寮區衛生所,高雄市大寮區進學路129巷2號之1
高雄市立圖書館大寮分館,高雄市大寮區進學路133號
高雄市大寮區公所,高雄市大寮區鳳林三路492號
義大世界購物廣場,高雄市大樹區三和里學城路1段12號
義大遊樂世界,高雄市大樹區三和里學城路1段10號
高雄市小港區衛生所,高雄市小港區小港二路10號
高雄市立小港醫院(委託高雄醫學大學經營),高雄市小港區山明路482號
高雄國際航空站(國內線),高雄市小港區中山四路2號
高雄國際航空站(國外線),高雄市小港區中山四路2號
高雄市立圖書館小港分館,高雄市小港區博學路365號
紅毛港文化園區,高雄市小港區南星路2808號
高雄市立社教館,高雄市小港區學府路115號
高雄市仁武區公所,高雄市仁武區中正路80號
高雄市仁武區戶政所事務所,高雄市仁武區中正路94號4樓
仁武公共托嬰中心暨育兒資源中心,高雄市仁武區中正路94號3樓
高雄市政府社會局六龜綜合社會福利服務中心,高雄市六龜區光復路102號
六龜區衛生所,高雄市六龜區民治路16
高雄榮民總醫院,高雄市左營區大中一路386號
高雄市立圖書館左營分館,高雄市左營區啟文路12號
高雄市左營區公所,高雄市左營區左營大路479號
特力居家,高雄市左營區民族一路948號
國軍高雄總醫院左營分院,高雄市左營區軍校路553號
高雄市立圖書館左營新分館,高雄市左營區博愛三路453號
左營高鐵站,高雄市左營區高鐵路105號
新光三越百貨公司左營店,高雄市左營區高鐵路123號
漢神購物中心股份有限公司,高雄市左營區博愛二路777號
高雄火車站左營新站,高雄市左營區站前北路1號
高雄市左營區衛生所,高雄市左營區進學路4號
新光三越彩虹市集(二館),高雄市左營區高鐵路115號
高雄市永安區公所,高雄市永安區永安里永安路32號
高雄市永安區衛生所,高雄市永安區永安路26號
高雄市立圖書館永安分館,高雄市永安區永華里永華路49號
中油公司-永安液化天然氣廠,高雄市永安區新港里新興路1之20號
台電公司-興達發電廠,高雄市永安區鹽田里興達路6號
高雄市田寮區衛生所,高雄市田寮區南安里崗北路32號
高雄市田寮區公所,高雄市田寮區南安里崗安路71號
甲仙化石館,高雄市甲仙區和安里四德巷10之10號
高雄市杉林區衛生所,高雄市杉林區上平里山仙路93巷2號
國軍高雄總醫院岡山分院,高雄市岡山區大義二路1號
東區稅捐處岡山分處,高雄市岡山區仁壽路53號
高雄市國稅局岡山稽徵所,高雄市岡山區介壽路100號
高雄市身心障礙福利服務中心,高雄市岡山區公園東路131號
高雄市立圖書館岡山分館,高雄市岡山區公園路2-1號
高雄市岡山區衛生所,高雄市岡山區公園路50號
高雄市政府文化局岡山文化中心,高雄市岡山區岡山南路42號
高雄火車站岡山站,高雄市岡山區岡燕路111號
高雄市立岡山醫院(委託秀傳醫療社團法人經營),高雄市岡山區壽天路12號
高雄市阿蓮區衛生所,高雄市阿蓮區民生路94-1號1樓
阿蓮區阿蓮里老人活動中心暨多功能文化學習中心,高雄市阿蓮區成功街66號3樓
高雄市立大同醫院（委託財團法人私立高雄醫學大學附設中和紀念醫院經營）,高雄市前金區中華三路68號
高雄市立中醫醫院,高雄市前金區中華三路68號
大立百貨公司,高雄市前金區五福三路59號
大立百貨公司精品館,高雄市前金區五福三路57號
漢神百貨公司,高雄市前金區成功一路266之1號
行政院南部聯合服務中心,高雄市前金區成功一路436號
高雄地檢署,高雄市前金區河東路188號
高雄地方法院,高雄市前金區河東路188號
文學館,高雄市前金區民生二路39號
李科永紀念圖書館,高雄市前金區民生二路37號
新光三越百貨公司高雄三多分公司-新光三越三多店,高雄市前鎮區三多三路213號
太平洋崇光百貨(股)公司-高雄分公司-太平洋SOGO店,高雄市前鎮區三多三路217號
經濟部加工出口區管理處高雄分處,高雄市前鎮區中一路2號
台灣家樂福股份有限公司成功分公司-家樂福成功店,高雄市前鎮區中華五路1111號
台灣家樂福股份有限公司成功分公司-家樂福成功店,高雄市前鎮區中華五路1111號
宜家家居股份有限公司高雄分公司-IKEA宜家家居中華店,高雄市前鎮區中華五路1201號
好市多股份有限公司-好市多中華店,高雄市前鎮區中華五路656號
統正開發股份有限公司-夢時代購物中心,高雄市前鎮區中華五路789號
時代百貨公司,高雄市前鎮區中華五路789號
前鎮草衙托育資源中心(幸福．童愛館),高雄市前鎮區同安路120號
高雄市立圖書館前鎮分館,高雄市前鎮區保泰路303號
高雄市國稅局前鎮稽徵所,高雄市前鎮區英德街151號
台灣銀行高雄加工出口區分行,高雄市前鎮區中一路1號(高雄加工出口區)
高雄市政府社會局青少年福利服務中心前鎮分館,高雄市前鎮區康定路115號
高雄市前鎮區衛生所,高雄市前鎮區康定路149號
高雄市前鎮區公所,高雄市前鎮區康定路151號
勞動部勞動力發展署高屏澎東分署,高雄市前鎮區凱旋四路105號
高雄市政府海洋局,高雄市前鎮區漁港中一路2號
高雄市政府社會局無障礙之家,高雄市前鎮區翠亨北路392號
台灣銀行前鎮分行,高雄市前鎮區擴建路1之3號
高雄市政府勞工局,高雄市前鎮區鎮中路6號
高雄市立圖書館總館,高雄市前鎮區新光路61號
大魯閣開發股份有限公司高雄分公司(大魯閣草衙道購物中心),高雄市前鎮區中山四路100號
大魯閣開發股份有限公司高雄分公司(大魯閣草衙道購物中心),高雄市前鎮區中山四路100號
財團法人吉祥臻社會福利事業基金會,高雄市前鎮區瑞平里保泰路303號
台灣家樂福股份有限公司成功分公司-家樂福光華店,高雄市前鎮區興東里光華二路157號
高雄市立展覽館,高雄市前鎮區鎮北里成功二路39號
都會生活開發股份有限公司-MLD台鋁商圈,高雄市前鎮區忠純里忠勤路8號
高雄市政府客家事務委員會美濃客家文物館,高雄市美濃區廣德里民族路49之3號
高雄市美濃區衛生所,高雄市美濃區合和里美中路246號
高雄市美濃區公所,高雄市美濃區合和里美中路260號
高雄市立圖書館美濃分館,高雄市美濃區泰安里中正路1段59號
高雄市茄萣區衛生所,高雄市茄萣區吉定里濱海路2段1號
高雄市茄萣區公所,高雄市茄萣區白雲里濱海路4段27號
高雄市立圖書館茄萣分館,高雄市茄萣區白雲里24濱海路4段31巷1號
遠東百貨公司(大遠百),高雄市苓雅區三多四路21號
高雄市立文化中心,高雄市苓雅區五福一路67號
高雄市政府四維行政中心,高雄市苓雅區四維三路2號
高雄市苓雅區公所,高雄市苓雅區民權一路85號4樓
高雄市苓雅區衛生所,高雄市苓雅區民權一路85號3樓
高雄市國稅局苓雅稽徵所,高雄市苓雅區民權一路85號7樓
高雄市區監理所苓雅監理站,高雄市苓雅區安康路22號
大統百貨公司,高雄市苓雅區和平一路218號
特力屋大順店,高雄市苓雅區武廟路218號
國軍高雄總醫院,高雄市苓雅區建軍路5號
高雄市政府警察局苓雅分局,高雄市苓雅區苓雅一路367號
高雄市立凱旋醫院,高雄市苓雅區凱旋二路130號
高雄市政府衛生局,高雄市苓雅區凱旋二路132號
高雄市立民生醫院,高雄市苓雅區凱旋二路134號
財政部高雄市國稅局,高雄市苓雅區廣州一街148號
高雄市立圖書館高雄市文化中心分館,高雄市苓雅區五福一路67號
綺麗珊瑚珠寶公司,高雄市苓雅區意誠5自強三路7號1樓
寒軒國際大飯店,高雄市苓雅區普照10四維三路33號
君鴻國際酒店,高雄市苓雅區意誠17自強三路1號37至85樓
麗尊大酒店,高雄市苓雅區林安5五福一路105號
高雄市梓官區公所,高雄市梓官區梓義里梓官路258號
高雄市立圖書館梓官分館,高雄市梓官區梓義里梓官路263號
高雄市立圖書館鳥松分館,高雄市鳥松區大仁北路10號
樺舍商旅高雄館演藝廳,高雄市鳥松區大埤路117號
高雄市政府勞工局訓練就業中心,高雄市鳥松區大埤路117號1樓
澄清湖風景區(經濟部自來水公司),高雄市鳥松區大埤路32號
高雄市鳥松區公所,高雄市鳥松區中正路98號
高雄市政府環保局,高雄市鳥松區澄清路834-1號
高雄市湖內區公所,高雄市湖內區中正路2段77號
高雄市立圖書館湖內分館,高雄市湖內區保生路101號
海埔國小,高雄市湖內區海埔里忠孝街256號
高雄市立圖書館新興分館,高雄市新興區中正三路34號3樓
高雄捷運美麗島轉運站,高雄市新興區新興區中山一路115號地下1樓
高雄市立圖書館新興民眾閱覽室,高雄市新興區民生一路271號
郵政總局,高雄市新興區中正三路177號
國有財產屬南區分署,高雄市新興區中正三路25號18樓
家樂福楠梓店,高雄市楠梓區藍田路288號
高雄市路竹區公所,高雄市路竹區國昌路76號
高雄市立圖書館路竹分館,高雄市路竹區國昌路86巷9號
高雄市政府社會局委託嘉藥學校財團法人嘉南藥理大學辦理高雄市路竹公共托嬰中心,高雄市路竹區中正路51號
高雄市路竹區衛生所,高雄市路竹區國昌路86巷22號
好市多大順店,高雄市鼓山區大順一路111號1樓
高雄市立聯合醫院,高雄市鼓山區中華一路976號1樓
台灣高等法院高雄分院,高雄市鼓山區明誠三路586號1樓
高雄市立美術館,高雄市鼓山區美術館路80號地下1樓
關稅局,高雄市鼓山區捷興一街3號4樓
高雄市壽山動物園,高雄市鼓山區萬壽路350號入園區處
高雄市鼓山區公所,高雄市鼓山區鼓山二路166號3樓
高雄市立圖書館鼓山分館,高雄市鼓山區鼓山二路19之3號1樓
衛生福利部旗山醫院,高雄市旗山區中學路60號
高雄市旗山區社會福利服務中心,高雄市旗山區中正路199號
高雄市立旗津醫院(委託財團法人私立高雄醫學大學經營),高雄市旗津區旗港路33號2樓
高雄市旗津區戶政事務所,高雄市旗津區旗津三路2號1樓
高雄市政府社會局婦幼青少年館,高雄市鳳山區光復路2段120號2
高雄市政府社會局婦幼青少年館(正修科大指導托嬰中心),高雄市鳳山區光復路2120號1
家樂福鳳山店,高雄市鳳山區中山西路236號
大潤發鳳山店,高雄市鳳山區文化路59號
高雄市政府鳳山行政中心,高雄市鳳山區光復路2段132號
高雄市立圖書館大東藝術圖書館,高雄市鳳山區光遠路161號
高雄市立圖書館鳳山二館,高雄市鳳山區(二)自強一路119巷75號
高雄市鳳山區第二衛生所,高雄市鳳山區(二)林森路141號
高雄市鳳山區第二戶政事務所,高雄市鳳山區(二)五甲二路472號
家樂福五甲店,高雄市鳳山區(二)林森路291號
交通部公路總局高雄區監理所,高雄市鳳山區(二)武營路361號
衛武營國家公園,高雄市鳳山區(二)輜汽路281號
東區稅捐處鳳山分處,高雄市鳳山區國泰路2段136號
高雄市立圖書館鳳山曹公分館,高雄市鳳山區曹公路23號
高雄市國稅局鳳山分局,高雄市鳳山區曹公路55之1號
高雄市鳳山區公所,高雄市鳳山區經武路30號
高雄市鳳山區衛生所,高雄市鳳山區經武路34巷2號
高雄市立圖書館中崙分館,高雄市鳳山區(二)保安里中崙五路1號
台灣電力股份有限公司鳳山區營業處,高雄市鳳山區鳳山區青年路1段100號
高雄市橋頭區公所,高雄市橋頭區橋頭里隆豐路1號
高雄市立圖書館橋頭分館,高雄市橋頭區橋頭里隆豐路7號
台灣糖業股份有限公司高雄區處,高雄市橋頭區橋南里糖廠路24號
高雄市橋頭區衛生所,高雄市橋頭區橋頭里隆豐路5號
高雄市燕巢區公所,高雄市燕巢區安招里中安路1號
行政院國軍退除役官兵輔導委員會岡山榮譽國民之家,高雄市燕巢區安招里成功路1號
高雄市立圖書館燕巢分館,高雄市燕巢區西燕里中民路592號
高雄市燕巢區衛生所,高雄市燕巢區南燕里中興路2號
高雄市社會局仁愛之家,高雄市燕巢區深水里深水路1號
法務部矯正署高雄第二監獄,高雄市燕巢區橫山里正德新村1號
法務部矯正署戒治所,高雄市燕巢區橫山里正德新村5號
法務部矯正署明陽中學,高雄市燕巢區橫山里正德新村六號
高雄市立圖書館彌陀公園分館,高雄市彌陀區中正路281巷50號
高雄市立圖書館彌陀分館,高雄市彌陀區四維路1之1號
高雄市立歷史博物館,高雄市鹽埕區中正四路272號
高雄市立電影圖書館,高雄市鹽埕區河西路10號
駁二藝術特區,高雄市鹽埕區大勇路1號
國際會議中心,高雄市鹽埕區中正四路274號
高雄市那瑪夏區衛生所,高雄市那瑪夏區瑪雅里6平和252號
高雄市那瑪夏區公所,高雄市那瑪夏區達卡努瓦里4大光巷230
桃園監理站,桃園市桃園區介壽路416號
桃園區戶政事務所,桃園市桃園區國豐三街123號
桃園區地政事務所,桃園市桃園區國豐三街123號
臺北榮民總醫院桃園分院,桃園市桃園區成功路3段100號
桃園區衛生所,桃園市桃園區國豐三街123號4樓
桃園市北區老人文康活動中心,桃園市桃園區公園路129號
桃園區公所,桃園市桃園區縣府路7號
桃園市政府秘書處,桃園市桃園區縣府路1號
桃園市政府文化局,桃園市桃園區縣府路21號
桃園市地方稅務局,桃園市桃園區成功路2段179號
法務部矯正署桃園監獄,桃園市桃園區延壽街158號
財政部北區國稅局,桃園市桃園區三元街150號
衛生福利部桃園醫院,桃園市桃園區中山路1492號醫療大樓4樓門診大樓2樓
桃園市桃園勞工育樂中心,桃園市桃園區縣府路59號
衛生福利部桃園療養院,桃園市桃園區龍壽71號
行政院農委會農糧署北區分署,桃園市桃園區大同路111號
臺灣桃園地方法院院本部區,桃園市桃園區法治路1號
台灣自來水股份有限公司第二區管理處桃園服務所,桃園市桃園區中山路291號
台灣電力股份有限公司桃園區營業處,桃園市桃園區復興路352號
中華郵政股份有限公司桃園成功路郵局,桃園市桃園區成功路1段51號
交通部臺灣鐵路管理局桃園站,桃園市桃園區中正路1號
新光三越百貨股份有限公司桃園站前分公司,桃園市桃園區中正路19號
統領百貨股份有限公司桃園分公司,桃園市桃園區中正路61號
新光三越百貨股份有限公司大有分公司,桃園市桃園區大有路189號
遠東百貨股份有限公司桃園分公司,桃園市桃園區中正路20號
遠百企業股份有限公司桃園分公司,桃園市桃園區中山路939號
家福股份有限公司桃園春日分公司,桃園市桃園區春日路1593號
家福股份有限公司經國分公司,桃園市桃園區經國路369號
IKEA宜家家居,桃園市桃園區中山路958號
桃園市南區老人文康活動中心,桃園市中壢區林森路90號
中壢區公所,桃園市中壢區環北路380號
地方稅務局中壢分局,桃園市中壢區普義里溪洲街296號3樓
財政部北區國稅局中壢稽徵所,桃園市中壢區中平路115號
桃園市榮民服務處,桃園市中壢區中山東路2段375號
交通部臺灣鐵路管理局中壢站,桃園市中壢區石頭里中和路139號
台灣高速鐵路股份有限公司桃園站,桃園市中壢區高鐵北路1段
國1高速公路中壢服務區,桃園市中壢區內定里20鄰內定二街998之3號
太平洋崇光百貨股份有限公司中壢分公司,桃園市中壢區元化路357號
大江工商綜合區,桃園市中壢區中園路2段501號
家福股份有限公司桃園內壢分公司,桃園市中壢區1段450號B1-2樓
,桃園市中壢區中山東路2段510號
家福股份有限公司中原分公司,桃園市中壢區中華路2段501號
好市多中壢店,桃園市中壢區民族路6段508號
華泰大飯店企業股份有限公司華泰名品城分公司,桃園市中壢區春德路189號
八德區地政事務所,桃園市八德區重慶街146號
八德區公所,桃園市八德區中山路47號
大湳公有零售市場,桃園市八德區廣福路116巷10號2樓
八德公有零售市場,桃園市八德區建國路45號
大潤發流通事業股份有限公司八德分公司,桃園市八德區介壽路2段148號
廣豐新天地購物中心,桃園市八德區介壽路一段728號
平鎮區地政事務所,桃園市平鎮區環南路2段276號
平鎮區公所,桃園市平鎮區振興路5號
桃園市平鎮區立圖書館,桃園市平鎮區環南路3段88號
南區青年活動中心,桃園市平鎮區延平路1段168號
台灣自來水股份有限公司第二區管理處中壢服務所,桃園市平鎮區延平路1段26號
特力屋平鎮店,桃園市平鎮區新富里環南路2段261號
大潤發流通事業股份有限公司平鎮分公司,桃園市平鎮區南東路57號
家福股份有限公司平鎮分公司,桃園市平鎮區坤慶路1號
大園區戶政事務所,桃園市大園區中山北路162號
大園區公所,桃園市大園區中正西路12號
桃園國際機場股份有限公司 第一航廈,桃園市大園區航站南路9號
桃園國際機場股份有限公司 第二航廈,桃園市大園區航站南路10號
蘆竹區衛生所,桃園市蘆竹區長安路2段238號
蘆竹區公所,桃園市蘆竹區南崁路150號
蘆竹區地政事務所,桃園市蘆竹區長安路2段236號1-3樓
蘆竹區戶政事務所,桃園市蘆竹區長安路2段236號1-3樓
台茂工商綜合區,桃園市蘆竹區南崁路1段112號
特力家居南崁店,桃園市蘆竹區中正路1號
好市多桃園店,桃園市蘆竹區南崁路1段369號
新屋區戶政事務所,桃園市新屋區中山路241號3樓
新屋區衛生所,桃園市新屋區中山路239號1樓
新屋區公所,桃園市新屋區中山路265號1樓
觀音區衛生所,桃園市觀音區觀新路58號1樓
觀音區戶政事務所,桃園市觀音區觀和路28號1樓
觀音區公所,桃園市觀音區中山路8號
龜山區衛生所,桃園市龜山區自強南路103號
龜山區公所,桃園市龜山區中山路16號
法務部矯正署臺北監獄(會客室),桃園市龜山區宏德新村2號
台灣中油股份有限公司煉製事業部桃園煉油廠,桃園市龜山區民生北路1段50號
桃園A8 環球購物中心,桃園市龜山區復興一路8號　
龍潭區公所,桃園市龍潭區中正路210號
龍潭區婦幼館,桃園市龍潭區干城路19巷30號
客家事務局,桃園市龍潭區中正路三林段500號
法務部矯正署桃園女子監獄行政大樓,桃園市龍潭區富林村中正路三林段617號
桃園市石門山勞工育樂中心,桃園市龍潭區三林里3鄰清水坑22-2號
大溪區戶政事務所,桃園市大溪區康莊路181號4樓
大溪區地政事務所,桃園市大溪區康莊路95號
大溪區衛生所,桃園市大溪區仁愛路1號2樓哺乳室
大溪區公所,桃園市大溪區普濟路11號
地方稅務局大溪分局,桃園市大溪區員林路1段16號2樓
財政部北區國稅局大溪稽徵所,桃園市大溪區員林路1段16號4樓
原住民會館,桃園市大溪區員林路1段29巷
楊梅區戶政事務所,桃園市楊梅區校前路409號3樓
楊梅區地政事務所,桃園市楊梅區永寧里校前路411號
楊梅區衛生所,桃園市楊梅區永寧里校前路409號
楊梅區公所,桃園市楊梅區楊江里大成路2號
財政部北區國稅局楊梅稽徵所,桃園市楊梅區中山北路2段318號
桃園市楊梅區茶葉改良場,桃園市楊梅區埔心里中興路324號
勞動部勞動力發展署桃竹苗分署,桃園市楊梅區秀才路851號
台灣自來水股份有限公司第二區管理處楊梅服務所,桃園市楊梅區大同里楊新路18巷2號
遠百企業股份有限公司楊梅分公司,桃園市楊梅區中山北路2段23巷6號
復興區公所,桃園市復興區中正路20號
三軍總醫院澎湖分院附設民眾診療服務處,澎湖縣馬公市前寮里90號
衛生福利部澎湖醫院,澎湖縣馬公市中正路10號
交通部觀光局澎湖國家風景區管理處南海遊客中心,澎湖縣馬公市新營路25號
交通部觀光局澎湖國家風景區管理處澎湖遊客中心,澎湖縣馬公市光華里171號
財政部南區國稅局澎湖分局,澎湖縣馬公市新店路261號
國軍退除役官兵輔導委員會澎湖縣榮民服務處,澎湖縣馬公市案山里經國路111號
臺灣港務股份有限公司高雄港務分公司馬公管理處,澎湖縣馬公市臨海路36-1號
臺灣澎湖地方法院,澎湖縣馬公市西文里310號
臺灣澎湖地方法院檢察署,澎湖縣馬公市西文里309號
澎湖縣立體育場,澎湖縣馬公市西文里中華路238號
澎湖縣政府,澎湖縣馬公市治平路32號
澎湖縣兒童及少年福利服務中心,澎湖縣馬公市光榮里貿商街60號
澎湖縣政府文化局,澎湖縣馬公市中華路230號
澎湖縣圖書館,澎湖縣馬公市中華路236-1號
澎湖縣政府文化局演藝廳,澎湖縣馬公市中華路234號
澎湖縣政府文化局澎湖生活博物館,澎湖縣馬公市新生路327號
台灣電力股份有限公司澎湖區營業處,澎湖縣馬公市西文里120號
澎湖縣馬公市公所,澎湖縣馬公市永福街30號
交通部公路總局高雄區監理所澎湖監理站,澎湖縣馬公市光華里121號
衛生福利部澎湖老人之家,澎湖縣馬公市光華里123號
三號港,澎湖縣馬公市同和路158號
交通部觀光局澎湖國家風景區管理處北海遊客中心,澎湖縣白沙鄉赤崁村37-4號
交通部觀光局澎湖國家風景區管理處後寮遊客中心,澎湖縣白沙鄉後寮村104-18號
白沙鄉立圖書館,澎湖縣白沙鄉赤崁村368號
澎湖縣政府環境保護局,澎湖縣湖西鄉大城北6-1號
澎湖縣湖西鄉公所,澎湖縣湖西鄉湖西村43-11號
澎湖縣湖西鄉立圖書館,澎湖縣湖西鄉湖西村43-5號
交通部民用航空局馬公航空站,澎湖縣湖西鄉隘門村126-5號
交通部觀光局澎湖國家風景區管理處-吉貝遊客中心,澎湖縣白沙鄉吉貝村182-2號
西嶼西臺遊客中心,澎湖縣西嶼鄉外垵村1-6號
交通部觀光局澎湖國家風景區管理處望安鄉綠蠵龜觀光保育中心,澎湖縣望安鄉東安村1-4號
佳朋開發股份有限公司(澎湖福朋喜來登飯店),澎湖縣馬公市新店路197號
交通部公路總局新竹區監理所新竹市監理站,新竹市東區自由路10號
新竹市衛生局,新竹市東區中央路241號10~12樓
新竹市東區衛生所,新竹市東區民族路40-2號
新竹市東區區公所,新竹市東區民族路40號
新竹市東區戶政事務所,新竹市東區民族路40-1號
財政部北區國稅局新竹分局,新竹市東區北大路90之2號
新竹市稅務局,新竹市東區中央路112號
新竹市立動物園,新竹市東區博愛街111號
新竹市托育資源中心暨親子館,新竹市東區中央路241號3樓
新竹市文化局影像博物館,新竹市東區中正路65號
新竹市勞工育樂中心,新竹市東區田美三街2號
新竹市立體育場,新竹市東區公園路295號
新竹市立玻璃工藝博物館,新竹市東區東大路1段2號
國立新竹生活美學館,新竹市東區武昌街110號
新竹市美術館暨開拓館,新竹市東區中央路116號
交通部台灣鐵路管理局台北運務段新竹站,新竹市東區中華路2段445號
好市多股份有限公司新竹分公司,新竹市東區慈雲路188號1樓
大潤發流通事業股份有限公司新竹忠孝店,新竹市東區忠孝路300號
遠東百貨股份有限公司新竹分公司,新竹市東區西大路323號
遠百企業股份有限公司新竹分公司(遠百愛買),新竹市東區公道五路2段469號2樓
太平洋崇光百貨股份有限公司新竹分公司,新竹市東區民族路2號
新竹遠東巨城購物中心,新竹市東區中央路229號
新竹市立新科國民運動中心,新竹市東區光復路1段89巷90 號
新竹市婦女館,新竹市東區中央路241號8樓
晶品城購物廣場,新竹市東區林森路18號
國賓大飯店股份有限公司新竹分公司,新竹市東區中華路2段188號
新竹老爺酒店,新竹市東區光復路1段227號
新竹市警察局,新竹市北區中山路1號
新竹市北區衛生所(戶政事務所2樓)共用,新竹市北區國華街69號1、2樓
經濟部水利署第二河川局,新竹市北區北大路97號
新竹市文化局演藝廳,新竹市北區東大路2段17號
新竹市文化局圖書館,新竹市北區東大路2段15巷1號
新竹市政府,新竹市北區中正路120號
新竹市殯葬管理所,新竹市北區成德路132號
新竹市地政事務所,新竹市北區光華東街60號
新竹市消防局,新竹市北區西大路679號
法務部矯正署新竹監獄(內設置3間),新竹市北區延平路1段108號
法務部矯正署新竹看守所,新竹市北區延平路1段110號
內政部移民署中區事務大隊新竹市服務站,新竹市北區中華路3段12號
新竹市眷村博物館,新竹市北區東大路2段105號
大潤發流通事業股份有限公司新竹分公司,新竹市北區湳雅街91~99號2樓
大魯閣商場事業股份有限公司,新竹市北區湳雅街91-2號
新竹市香山衛生所,新竹市香山區育德街188號1樓
新竹市香山區公所,新竹市香山區育德街188號3樓
新竹市立香山游泳池,新竹市香山區頂埔路21號
新竹市香山戶政事務所,新竹市香山區育德街188號2樓
新竹市香山區托育資源中心暨親子館,新竹市香山區育德街188號親(1)樓
南投縣政府文化局圖書館,南投縣南投市三和里中興路669號
南投縣政府,南投縣南投市三和里中興路660號
台灣國家婦女館南投縣立婦幼館,南投縣南投市三興里南崗二路85號
南投縣政府文化局,南投縣南投市三興里建國路135號
南投縣政府警察局,南投縣南投市三興里南崗二路133號
衛生福利部南投醫院,南投縣南投市康壽里復興路478號
交通部公路總局台中區監理所南投監理站,南投縣南投市內興里中興路201號
行政院人事行政局地方行政研習中心,南投縣南投市光明里光明路1號
行政院衛生署中興醫院,南投縣南投市光華里環山路57號
內政部入出國及移民署南投縣服務站,南投縣南投市彰仁里文昌街87號1樓
南投縣南投市公所,南投縣南投市龍泉里玉井街5號
南投縣南投市市場管理所,南投縣南投市南投里民權街157號3樓
國史館臺灣文獻館,南投縣南投市光明里光明一路254號
台灣菸酒股份有限公司-南投酒廠展售中心,南投縣南投市軍功里東山路82號
家樂福南投店,南投縣南投市三和里三和三路21號
南投縣埔里鎮衛生所,南投縣埔里鎮北門里中山路2段256號
財政部台灣省中區國稅局埔里稽徵所,南投縣埔里鎮北門里中山路2段252號3、4樓
南投縣埔里鎮地政事務所,南投縣埔里鎮北門里中山路2段248號
臺中榮民總醫院埔里分院,南投縣埔里鎮蜈蚣里榮光路1號
南投縣埔里鎮立圖書館,南投縣埔里鎮北安里六合路178號
南投縣綜合身心障礙福利復健中心,南投縣埔里鎮北安里八德路17號
南投縣埔里鎮公所,南投縣埔里鎮北門里中山路2段239號
台灣菸酒股份有限公司-埔里酒廠展售中心,南投縣埔里鎮薰化里中山路3段219號
行政院衛生署草屯療養院,南投縣草屯鎮御史里玉屏路161號
內政部社會福利工作人員研習中心,南投縣草屯鎮南埔里南坪路528號
台灣工藝研究發展中心,南投縣草屯鎮富寮里中正路573號
南投縣草屯鎮公所,南投縣草屯鎮中山里草鞋墩1街8號
林務局南投林區管理處,南投縣草屯鎮新庄里史館路456號
南投縣草屯鎮公有零售市場,南投縣草屯鎮和平里和興街55號
台電南投區營業處,南投縣草屯鎮山腳里太平路1段42號
財政部臺灣省中區國稅局竹山稽徵所,南投縣竹山鎮雲林里公所路106號
車籠埔斷層保存園區,南投縣竹山鎮 山崇里 集山路2段345號
行政院農委會特有生物研究保育中心,南投縣集集鎮永昌里民生東路1號
經濟部水利署中區水資源局集集攔河堰管理中心,南投縣集集鎮林尾里攔河路2號
南投縣政府警察局集集分局,南投縣集集鎮玉映里民生路63號
南投縣集集鎮公所,南投縣集集鎮玉映里民生路75號
台大實驗林管理處-溪頭自然教育園區,南投縣鹿谷鄉內湖村森林巷9號
南投縣中寮鄉公所,南投縣中寮鄉永平村永平路270號
日月潭國家風景區管理處-向山遊客中心,南投縣魚池鄉水社村中山路599號
南投縣魚池鄉公所,南投縣魚池鄉魚池村秀水巷33號
玉山國家公園管理處,南投縣水里鄉北埔村中山路1段515號
南投縣水里鄉公所,南投縣水里鄉鉅工村民生路112號
南投縣信義鄉衛生所,南投縣信義鄉明德村玉山路45號
南投縣信義鄉農會,南投縣信義鄉明德村新開巷11號
南投縣仁愛鄉衛生所,南投縣仁愛鄉大同村五福巷17號
土地銀行竹北分行,新竹縣竹北市縣政九路130號5樓哺集乳室
台大醫院竹東分院,新竹縣竹東鎮至善路52號3樓哺集乳室
台北榮民總醫院新竹分院,新竹縣竹東鎮中豐路1段81號2樓哺集乳室
交通部公路總局新竹區監理所,新竹縣新埔鎮文德路3段58號
交通部觀光局參山國家風景區管理處(獅頭山管理站),新竹縣峨眉鄉七星村六寮60-8號
尖石鄉衛生所,新竹縣尖石鄉嘉樂村2鄰61號1樓哺集乳室
竹北市公所,新竹縣竹北市中正西路50號1樓哺集乳室
竹北市地政事務所,新竹縣竹北市三民路200號B1樓哺集乳室
竹北市衛生所,新竹縣竹北市光明二街89號1樓哺集乳室
竹東地政事務所,新竹縣竹東鎮長安路124巷8號B1樓哺集乳室
竹東樹杞林文化館,新竹縣竹東鎮新生路377號2樓哺集乳室
竹東鎮公所,新竹縣竹東鎮東林路88號1樓哺集乳室
竹東鎮衛生所,新竹縣竹東鎮中正路221號2樓哺集乳室
峨眉鄉衛生所,新竹縣峨眉鄉峨眉村2鄰5號2樓哺集乳室
海景世界企業(股)有限公司-湖口營業所(南下.北上),新竹縣湖口鄉榮光路158號
財政部台灣省北區國稅局-新竹縣分局,新竹縣竹北市縣政九路120號1樓哺集乳室
教育研究發展暨網路中心,新竹縣竹東鎮中山路68號1樓哺集乳室
湖口鄉公所,新竹縣湖口鄉中央街1號2樓哺集乳室
新竹縣文化局縣史館,新竹縣竹北市縣政九路146號1樓、2樓哺集乳室
新竹縣政府,新竹縣竹北市光明六路10號1樓哺集乳室(後棟AB棟各一)
新竹縣政府文化局圖書館,新竹縣竹北市縣政九路146號1樓、2樓哺集乳室
新竹縣政府稅捐稽徵局,新竹縣竹北市光明六路6號1樓哺集乳室
新竹縣政府衛生局,新竹縣竹北市光明七街1號1樓哺集乳室
新竹縣政府警察局,新竹縣竹北市光明六路12號3樓哺集乳室
新竹縣家蓄疾病防治所,新竹縣竹北市縣政五街192號1樓哺集乳室
新竹縣婦幼館,新竹縣竹北市縣政二路620號1樓哺集乳室
新竹縣游泳館,新竹縣竹北市福興東路1段199號1樓哺集乳室
新竹縣環境保護局,新竹縣竹北市光明五街62號3樓哺集乳室
新竹縣議會,新竹縣竹北市光明六路8號1樓哺集乳室
新竹縣體育場(戶內面積),新竹縣竹北市光明六路東一段2號1樓哺集乳室
新竹縣體育館,新竹縣竹北市福興東路1段197號1樓哺集乳室
新東陽股份有限公司關西服務區,新竹縣關西鎮東安里上三屯14號
新豐鄉公所,新竹縣新豐鄉新市路93號3樓哺集乳室
新豐鄉衛生所,新竹縣新豐鄉建興路2段748巷25號2樓哺集乳室
橫山鄉衛生所,新竹縣橫山鄉大肚村新興街141巷10號1樓哺集乳室
寶山鄉公所,新竹縣寶山鄉雙溪村4鄰雙園路2段325號1樓哺集乳室
新竹瓦斯股份有限公司竹北服務中心,新竹縣竹北市光明五街66號1樓哺集乳室
台灣高速鐵路股份有限公司新竹車站,新竹縣竹北市高鐵七路6號2樓哺集乳室
湖口火車站,新竹縣湖口鄉中山路2段121號3樓哺集乳室
家樂福竹北店,新竹縣竹北市光明六路89號2樓哺集乳室
移民署中區事務大隊新竹服務站,新竹縣竹北市三民路133號1樓
尖石鄉公所,新竹縣尖石鄉家樂村2鄰70號
衛生福利部臺中醫院,臺中市西區三民路1段199號2樓
臺中市西區區公所,臺中市西區金山路11號1樓
臺中市政府大墩文化中心,臺中市西區英才路600號B1樓
國立臺灣美術館,臺中市西區五權西路1段2號1樓.2樓
財政部中區國稅局,臺中市西區民生路168號B1樓
臺中市政府交通局,臺中市西區民權路101號1樓
臺中市中區區公所,臺中市中區成功路300號3樓
臺灣鐵路管理局台中火車站,臺中市中區台灣大道1段1號1樓
廣三崇光國際開發股份有限公司,臺中市西區臺灣大道2段459號8樓
勤美誠品綠園道,臺中市西區公益路68號B1樓.B2樓
日曜天地OUTLET,臺中市中區自由路2段94號2樓
中華郵政股份有限公司臺中民權路郵局,臺中市中區民權路86號2樓
臺中英才路郵局,臺中市西區民生路200號2樓
臺中市政府地政局,臺中市西區三民路1段158號6樓
臺中市西區戶政事務所,臺中市西區三民路1段161號3樓
臺中市立圖書館西區分館,臺中市西區精誠路256號1樓
財政部中區國稅局大智稽徵所,臺中市西區民權路95號8樓
臺中文學館,臺中市西區樂群街38號1樓
臺中市政府警察局第二分局,臺中市北區太原路2段228號
臺中市政府警察局第二分局文正派出所,臺中市北區台灣大道1段700號
交通部公路總局臺中區監理所臺中市監理站,臺中市北區北屯路77號
臺中市北區戶政事務所,臺中市北區永興街299號
臺中市北區區公所,臺中市北區永興街301號
國立自然科學博物館,臺中市北區館前路1號
臺灣自來水股份有限公司第四區管理處,臺中市北區雙十路2段2-1號
臺灣自來水股份有限公司第四區管理處臺中服務所,臺中市北區雙十路2段2號
臺中市立圖書館北區分館,臺中市北區健行路359號2樓
國立台灣體育運動大學藝文場館中興堂,臺中市北區精武路291-3號
臺中市中山堂,臺中市北區學士路98號
臺灣家福股份有限公司家樂福崇德店,臺中市北區崇德路1段635號
潤泰集團大潤發忠明店,臺中市北區忠明路499號
中友百貨股份有限公司台中分公司,臺中市北區三民路3段161號
臺中市北區衛生所,臺中市北區永興街301號4樓
臺中市北區國民運動中心,臺中市北區崇德路1段55號1樓
臺中市北區親子館,臺中市北區民權路400號2-3樓
臺中文化創意產業園區,臺中市南區復興路3段362號
經濟部標準檢驗局臺中分局,臺中市南區工學路70號
臺中市南區區公所,臺中市南區工學路72號3.4樓
臺中市南區戶政事務所,臺中市南區工學路72號1樓
臺中市政府警察局第三分局,臺中市南區復興路3段159號
愛買量販店復興店(整修中),臺中市南區復興路1段359號
臺中市立圖書館南區分館,臺中市南區五權南路335號2樓
臺中市南區衛生所,臺中市南區工學路72號2樓
臺中市政府警察局第三分局勤工派出所,臺中市南區復興路1段235號
臺中市政府警察局第三分局健康派出所,臺中市南區美村南路8號
國立公共資訊圖書館,臺中市南區五權南路100號
臺中市立圖書館東區分館,臺中市東區建德街144號
臺中市東區區公所,臺中市東區長福路245號
臺中市政府地方稅務局大智分局,臺中市東區建中街141號
大魯閣新時代購物中心,臺中市東區復興路4段186號
秀泰生活台中站前店,臺中市東區南京路76號、66號2樓
臺中市新建國市場,臺中市東區建成路500號
臺中榮民總醫院,臺中市西屯區台灣大道4段1650號婦幼大樓1.2.6樓
臺中市西屯區衛生所,臺中市西屯區西屯路2段299號
衛生福利部中央健康保險署中區業務組,臺中市西屯區市政北一路66號1樓
臺中市政府地方稅務局,臺中市西屯區文心路2段99號3樓
臺中市政府,臺中市西屯區台灣大道3段99號惠中樓2樓
臺中市西屯區公所,臺中市西屯區市政北2路386號1樓
遠東百貨股份有限公司台中分公司,臺中市西屯區台灣大道3段251號5樓
家福股份有限公司台中中清分公司,臺中市西屯區中清路3段436號
台灣家樂福股份有限公司清海分公司,臺中市西屯區青海路2段207-18號B1樓
TIGER CITY購物中心,臺中市西屯區河南路3段120號B1樓
新光三越百貨股份有限公司台中中港分公司,臺中市西屯區台灣大道3段301號
臺中市立圖書館西屯分館,臺中市西屯區福星路666號
臺中市政府警察局交通警察大隊,臺中市西屯區文心路2段588號
臺中市政府警察局,臺中市西屯區文心路2段588號3樓
臺中市政府文心樓1樓,臺中市西屯區台灣大道3段99號
財政部中區國稅局台中分局,臺中市西屯區文心路2段99號
勞動部勞動力發展署中彰投分署,臺中市西屯區工業區一路100號
臺中市議會,臺中市西屯區市政北一路56號
臺中國家歌劇院,臺中市西屯區惠來路2段101號
臺中市朝馬國民運動中心,臺中市西屯區朝貴路199號
特力屋股份有限公司-西屯分公司,臺中市西屯區台灣大道4段528號
臺中市立圖書館溪西分館,臺中市西屯區福玄路1號
科技部中部科學工業園區管理局,臺中市西屯區中科路2號1樓
裕元花園酒店,臺中市西屯區台灣大道4段610號
長榮桂冠酒店,臺中市西屯區台灣大道2段666號3樓
台中福華大飯店,臺中市西屯區安和路129號B1樓
臺中市南屯區公所,臺中市南屯區永春東路679號
臺中市南屯區戶政事務所,臺中市南屯區永春東路679號
臺中市立圖書館南屯分館,臺中市南屯區大墩12街361號
台灣家樂福股份有限公司文心分公司,臺中市南屯區文心路1段521號
臺中市新住民藝文中心,臺中市南屯區文心南五路1段331號
好市多股份有限公司台中店,臺中市南屯區文心南三路289號
臺中市政府警察局第四分局,臺中市南屯區向心南路811號
台灣迪卡儂運動用品台中店,臺中市南屯區大墩南路379號
IKEA宜家家居台中店,臺中市南屯區向上路2段168號
外交部中部辦公處,臺中市南屯區黎明路2段503號5樓
移民署台中第一服務站,臺中市南屯區文心南三路22號1樓
大墩食衣廣場,臺中市南屯區大墩路533號
臺中市南屯國民運動中心,臺中市南屯區黎明路1段998號
秀泰生活台中文心店,臺中市南屯區文心南三路289號
大買家股份有限公司北屯分公司,臺中市北屯區北屯路370號
特力屋股份有限公司-北屯分公司,臺中市北屯區北屯路407-1號
臺中市環保局寶之林廢棄家具再生中心,臺中市北屯區和順路439號
臺中市立圖書館大墩兒童館,臺中市北屯區興安路1段162號
臺中市立圖書館北屯分館,臺中市北屯區大連路3段122號
臺灣民俗文物館,臺中市北屯區旅順路2段73號
臺中市政府北屯區家庭福利服務中心,臺中市北屯區旱溪西路3段260號
臺中市北屯區戶政事務所,臺中市北屯區崇德路3段10號
臺中市北屯區區公所,臺中市北屯區崇德路3段10號2樓
臺中市立圖書館,臺中市北屯區豐樂路2段158號
財政部臺灣省中區國稅局東山稽徵所,臺中市北屯區豐樂路2段168號
臺中市中正地政事務所,臺中市北屯區北平路3段36號
臺中市政府地方稅務局東山分局,臺中市北屯區北平路3段38號
台灣糖業股份有限公司量販事業部台糖水湳健康超市,臺中市北屯區中清路2段165號
臺中市北屯區四民衛生所,臺中市北屯區后庄路1062號
臺中市政府警察局第五分局,臺中市北屯區崇德路3段2號1樓
臺中市洲際棒球場,臺中市北屯區崇德路3段835號
台灣迪卡儂運動用品台中北屯店,臺中市北屯區中清路2段1075號
臺中市政府陽明大樓聯合服務中心(陽明市政大樓),臺中市豐原區陽明街36號1樓
臺中市政府教育局(陽明市政大樓),臺中市豐原區陽明街36號4樓
臺中市政府觀光旅遊局(陽明市政大樓),臺中市豐原區陽明街36號5樓
臺中市政府水利局(陽明市政大樓),臺中市豐原區陽明街36號6樓
財政部中區國稅局豐原分局,臺中市豐原區南陽路515號
行政院農業委員會水土保持局臺中分局,臺中市豐原區陽明街22號1樓
臺中市豐原藝文館,臺中市豐原區育仁路81號1樓
臺中市立圖書館豐原分館,臺中市豐原區市政路2號2樓
臺中市交通事件裁決處,臺中市豐原區圓環南路70號6樓
臺中市政府地方稅務局豐原分局,臺中市豐原區中山路219號2樓
臺中市豐原區戶政事務所,臺中市豐原區市政路2號1樓
臺中市豐原地政事務所,臺中市豐原區西安街21號3樓
臺中市政府衛生局,臺中市豐原區中興路136號4樓
臺中市豐原區公所,臺中市豐原區市政路2號1樓
交通部公路總局臺中區監理所豐原監理站,臺中市豐原區豐東路120號2樓
臺中市葫蘆墩文化中心,臺中市豐原區圓環東路782號1樓
行政院農業委員會林務局東勢林區管理處,臺中市豐原區南陽路逸仙莊1號1樓
衛生福利部豐原醫院,臺中市豐原區安康路100號2樓
台灣家樂福股份有限公司豐原分公司(家樂福豐原店),臺中市豐原區成功路500號1樓
愛買量販店豐原店,臺中市豐原區水源路420號1樓
豐洋興業股份有限公司豐原分公司(太平洋百貨豐原店),臺中市豐原區復興路2號5樓
臺灣鐵路管理局豐原火車站,臺中市豐原區中正路1-1號
臺中市政府地方稅務局東勢分局,臺中市東勢區東蘭路25-2號
財政部中區國稅局東勢稽徵所,臺中市東勢區正二街臨1號
臺中市東勢區公所,臺中市東勢區豐勢路518號
臺中市政府社會局臺中市老人福利服務中心,臺中市東勢區東蘭路1-4附1號
東勢林場遊樂園,臺中市東勢區勢林街6-1號
臺中市東勢區地政事務所,臺中市東勢區東蘭路26號
臺中市立圖書館東勢分館,臺中市東勢區豐勢路518號
東勢客家文化園區,臺中市東勢區中山路1號
臺中市大甲區公所,臺中市大甲區民權路52號
臺中市大甲婦女福利服務中心,臺中市大甲區水源路169號
臺中市政府警察局大甲分局,臺中市大甲區文武路1號
臺中市立圖書館大甲分館,臺中市大甲區雁門路172號
臺中市大甲區中正紀念館,臺中市大甲區水源路190號
臺中市大甲第一公有市場,臺中市大甲區順天路146號
臺灣鐵路管理局大甲火車站,臺中市大甲區中山路1段828號
臺中市清水區衛生所,臺中市清水區中山路92號2樓
臺中市清水區地政事務所,臺中市清水區大街路138號3樓
臺中市立圖書館清水分館,臺中市清水區鎮政路50號1樓
臺中市政府警察局清水分局,臺中市清水區鰲峰路23號2樓
臺中市清水區戶政事務所,臺中市清水區鰲峰路239 號1樓
台灣自來水股份有限公司第四區管理處清水營運所(整修中),臺中市清水區大街路134號1樓
臺中市清水區公所,臺中市清水區鎮政路101號1樓
臺中市港區藝術中心,臺中市清水區忠貞路21號B1F
交通部臺灣區國道高速公路局清水服務區,臺中市清水區吳厝二街87號
臺中航空站,臺中市沙鹿區中航路1段598巷168號
財政部中區國稅局沙鹿稽徵所,臺中市沙鹿區鎮政路10巷1號
臺中市沙鹿區公所,臺中市沙鹿區鎮政路8號
臺中市立圖書館沙鹿深波分館,臺中市沙鹿區鎮南路2段488號
臺中市兒童福利服務中心,臺中市沙鹿區福幼街8號
台灣家樂福股份有限公司台中沙鹿分公司,臺中市沙鹿區光華路336號
臺中市立圖書館沙鹿文昌分館,臺中市沙鹿區文昌街12號
交通部台灣鐵路管理局沙鹿火車站,臺中市沙鹿區中正街94號
臺中市沙鹿區戶政事務所,臺中市沙鹿區鎮政路16號
臺中市梧棲區公所,臺中市梧棲區中正里中和街66號1樓
經濟部加工出口區管理處中港分處,臺中市梧棲區草湳里大觀路6號5樓
臺中市立圖書館梧棲親子館,臺中市梧棲區安仁里民生街15-77號　1樓
臺灣港務股份有限公司臺中港務分公司(旅客服務中心),臺中市梧棲區安仁里中二路1段9號
MITSUI OUTLET PARK 台中港三井,臺中市梧棲區安仁里台灣大道10段168號1樓、2樓
臺中市后里區公所,臺中市后里區公安路84號
台灣糖業股份有限公司休閒遊憩事業部月眉觀光糖廠,臺中市后里區甲后路2段350號
南仁湖育樂股份有限公司泰安營業所北站,臺中市后里區雲頭路3-3號
南仁湖育樂股份有限公司泰安營業所南站,臺中市后里區安眉路113號
臺中市立圖書館后里分館,臺中市后里區文化路28號
麗寶OUTLET MALL,臺中市后里區福容路201號1、2樓A、B區
臺中市神岡區衛生所,臺中市神岡區神岡路2號
臺中市立圖書館神岡分館,臺中市神岡區中山路1460號
臺中市神岡區公所,臺中市神岡區神岡路30號
臺中市身心障礙綜合福利服務中心,臺中市潭子區中山路2段241巷7號3樓
臺中市雅潭地政事務所,臺中市潭子區勝利路165號1樓
臺中市立圖書館潭子分館,臺中市潭子區中山路2段397號1樓
臺中市大雅區衛生所,臺中市大雅區中清東路232號
臺中市大雅區公所,臺中市大雅區雅環路2段301號
臺中市立圖書館大雅分館,臺中市大雅區雅潭路4段800號
台灣自來水股份有限公司第四區管理處大雅營運所,臺中市大雅區中清路4段888號
臺中市立圖書館新社分館,臺中市新社區興社街4段1巷1號
臺中市新社區公所,臺中市新社區興社街2段28-1號
行政院農業委員會種苗改良繁殖場,臺中市新社區興中街46號
臺中市石岡區公所,臺中市石岡區豐勢路1033號
臺中市立圖書館石岡分館,臺中市石岡區明德路175 號
臺中市石岡遊客服務中心,臺中市石岡區石城街1號
臺中市外埔區公所,臺中市外埔區六分路390號
臺中市大安區公所,臺中市大安區中山南路356號
臺中市立圖書館大安分館,臺中市大安區興安路378號
臺灣高鐵烏日站,臺中市烏日區站區二路8號1樓
臺中市立圖書館烏日分館,臺中市烏日區興祥街121號
臺中市烏日區戶政事務所,臺中市烏日區高鐵路1段170號
臺灣菸酒股份有限公司烏日啤酒廠,臺中市烏日區光華街1號
臺灣鐵路管理局烏日火車站,臺中市烏日區高鐵東一路26號2樓
臺中國際展覽館,臺中市烏日區中山路3段1號
臺中市大肚區公所,臺中市大肚區沙田路2段646號
臺中區監理所,臺中市大肚區遊園路1段2號
臺中市立圖書館大肚分館,臺中市大肚區大德6街30號
臺中市立圖書館大肚瑞井分館,臺中市大肚區瑞井里華山路700號
臺中市龍井區公所,臺中市龍井區沙田路4段247號
臺中市立圖書館龍井分館,臺中市龍井區觀光路2號
臺中市龍井區地政事務所,臺中市龍井區沙田路4段185號
臺中市立圖書館龍井山頂分館,臺中市龍井區中沙路新庄仔巷19-1號
臺中市霧峰區戶政事務所,臺中市霧峰區吉峰路16號
行政院農委會農業藥物毒物試驗所,臺中市霧峰區光明路11號
921地震園區,臺中市霧峰區中正路46號
立法院議政博物館,臺中市霧峰區中正路734號
臺中市霧峰區公所,臺中市霧峰區大同路20號
國立臺灣交響樂團,臺中市霧峰區中正路738之2號
臺中市立圖書館霧峰以文分館,臺中市霧峰區大同路8號
財政部印刷廠,臺中市大里區中興路1段288號2樓
臺中市大里區公所,臺中市大里區大新街36號 2樓
臺中市立圖書館大里分館(整修中),臺中市大里區中興路1段163號
臺中市大里地政事務所,臺中市大里區東榮路296號1樓
臺中市兒童青少年福利服務中心,臺中市大里區新光路32號1樓
臺中市立圖書館大里大新分館,臺中市大里區大新街36之1號
台灣自來水股份有限公司第四區管理處大里服務所,臺中市大里區至聖路64號 1樓
大買家股份有限公司大里國光分公司,臺中市大里區國光路2段710號
臺中市纖維工藝博物館,臺中市大里區勝利二路1號 1樓常設館
臺中市太平區衛生所,臺中市太平區中山路1段213之1號
國軍臺中總醫院,臺中市太平區中山路2段348號
臺中市太平區戶政事務所,臺中市太平區大源路2之18號
臺中市太平地政事務所,臺中市太平區大源路1之19號
臺中市立圖書館太平坪林分館,臺中市太平區中山路1段213號
臺中市太平區公所,臺中市太平區中平路144號
臺中市屯區藝文中心,臺中市太平區大興路201號
臺中市政府警察局太平分局,臺中市太平區中山路1段215號
臺中市立圖書館太平分館,臺中市太平區太平三街20號
家樂福太平店,臺中市太平區中平七街70號
臺中市和平區公所,臺中市和平區東關路3段156號
交通部觀光局參山國家風景區管理處梨山管理站谷關遊客中心,臺中市和平區東關路1段102號
臺中市和平區立圖書館,臺中市和平區東關路3段156號
行政院農業委員會林務局東勢林區管理處大雪山國家森林遊樂區,臺中市和平區雪山路18號
八仙山國家森林遊樂區遊客中心,臺中市和平區東關路1段200之8號
台灣電力股份有限公司訓練所谷關訓練中心,臺中市和平區東關路1段台電巷33號
國軍退除役官兵輔導委員會武陵國民賓館,臺中市和平區武陵路3-1號中餐廳1樓
國軍退除役官兵輔導委員會福壽山農場,臺中市和平區福壽路29號
雲林縣政府,雲林縣斗六市雲林路2段515號
財政部臺灣省中區國稅局雲林縣分局,雲林縣斗六市府文路35號3樓
雲林縣稅務局,雲林縣斗六市府文路35號
雲林地方法院斗六簡易庭,雲林縣斗六市公明街41號
交通部公路總局嘉義區監理所雲林監理站,雲林縣斗六市雲林路2段411號
交通部臺灣鐵路管理局高雄運務段斗六站,雲林縣斗六市民生路187號
雲林縣警察局,雲林縣斗六市大學路3段100號
雲林縣立體育場,雲林縣斗六市大學路3段600號
雲林農田水利會,雲林縣斗六市興華街2號
斗六市立繪本圖書館,雲林縣斗六市莊敬路66號
雲林縣斗六市公所,雲林縣斗六市府文路38號
雲林縣衛生局,雲林縣斗六市府文路34號
雲林縣斗六市衛生所,雲林縣斗六市公園路75號
國立臺灣大學醫學院附設醫院雲林分院,雲林縣斗六市雲林路2段579號
國立成功大學醫學院附設醫院斗六分院,雲林縣斗六市莊敬路345號
台灣家樂福股份有限公司斗六分公司,雲林縣斗六市雲林路2段297號
雲林縣文化中心,雲林縣斗六市鎮西里大學路三310號
內政部雲林教養院,雲林縣斗南鎮忠孝路157號
雲林縣斗南鎮公所,雲林縣斗南鎮文昌路200號
大潤發斗南店,雲林縣斗南鎮西岐里文化街119巷21號
臺灣雲林地方法院,雲林縣虎尾鎮明正路38號
雲林縣虎尾鎮公所,雲林縣虎尾鎮行政路6號
台灣高鐵雲林站,雲林縣虎尾鎮站前東路301號
雲林縣林內鄉公所,雲林縣林內鄉林中村中正路340號
雲林縣莿桐鄉公所,雲林縣莿桐鄉和平路53號
雲林縣西螺鎮公所,雲林縣西螺鎮光復西路20號
西螺休息站南站,雲林縣西螺鎮振興里1鄰高速公路西螺休息站1號
西螺休息站北站,雲林縣西螺鎮振興里1鄰高速公路西螺休息站2號
雲林縣兒童福利服務中心,雲林縣西螺鎮漢光里中山路227號
雲林縣土庫鎮公所,雲林縣土庫鎮石廟里中興路175號
雲林縣崙背鄉公所,雲林縣崙背鄉行政街1號
雲林縣麥寮鄉公所,雲林縣麥寮鄉麥津村中興路117號
雲林縣北港鎮公所,雲林縣北港鎮北辰路1號
台糖量販店北港店,雲林縣北港鎮華南路101號
古坑休息站,雲林縣古坑鄉崁腳村5鄰新興100號
雲林縣臺西地政事務所,雲林縣臺西鄉五港村中央路420號
雲林縣台西鄉衛生所,雲林縣臺西鄉民生路36號
雲林縣二崙鄉衛生所,雲林縣二崙鄉中興路9號
雲林縣四湖鄉公所,雲林縣四湖鄉湖西村中山西路44號
雲林縣四湖鄉衛生所,雲林縣四湖鄉湖西村中山西路118號
雲林縣水林鄉公所,雲林縣水林鄉水北村水林路12號
雲林縣元長鄉衛生所,雲林縣元長鄉元中路8號
雲林縣元長鄉公所,雲林縣元長鄉長南村仁愛街2號
雲林縣口湖鄉衛生所,雲林縣口湖鄉中正路1段114號
雲林縣口湖鄉公所,雲林縣口湖鄉中正路1段118號
雲林縣大埤鄉公所,雲林縣大埤鄉中山路8號
台灣高速鐵路股份有限公司台南車站,臺南市歸仁區沙崙里9歸仁大道100號
奇美博物館,臺南市仁德區成功里9文華路2段66號
臺南市關廟區公所,臺南市關廟區香洋里3中正路998號
臺南市歸仁區文化中心,臺南市歸仁區許厝里11信義南路78號
仁德休息站(北上),臺南市歸仁區中洲里1-16號
臺南市歸仁區公所,臺南市歸仁區後市里18中山路2段2號
龍崎區南二高關廟休息站(南下),臺南市龍崎區楠坑里6鄰楠坑12-1號
龍崎區南二高關廟休息站(北上),臺南市龍崎區楠坑里6鄰楠坑12-1號
臺南市政府警察局學甲分局,臺南市學甲區慈福里1華宗路294號
臺南市楠西區圖書館,臺南市楠西區東勢里15中正路309號
衛生福利部新營醫院,臺南市新營區信義街73號
臺南市政府環保局新營辦公室,臺南市新營區埤寮里13長榮路2段78號
臺南市政府衛生局東興辦公室,臺南市新營區新東里25東興路163號
臺南市政府社會局,臺南市新營區府西路36號
臺南市政府民治辦公室,臺南市新營區忠政里20民治路36號
臺南市新營區公所,臺南市新營區大宏里10中正路30號
臺南市立新營文化中心,臺南市新營區民權里5中正路23號
台灣電力公司新營區營業處,臺南市新營區王公里34中正路200號
財政部南區國稅局,臺南市新營區民治路36號2-4F
南瀛親子館,臺南市新營區中正路32號
臺南市新市區公所,臺南市新市區新市里10中興街12號
衛生福利部台南醫院新化分院,臺南市新化區那拔里牧場72號
臺南市新化區圖書館,臺南市新化區護國里6中山路132號
臺南市新化區公所,臺南市新化區護國里6中山路130號
臺南市善化區公所,臺南市善化區光文里27建國路190號
善化啤酒廠,臺南市善化區小新里22成功路2號
交通部公路總局嘉義區監理所麻豆監理站,臺南市麻豆區北勢里7新生北路551號
臺南總爺藝文中心,臺南市麻豆區南勢里總爺5號
臺南市麻豆區公所,臺南市麻豆區東角里9忠孝路250號
臺南市將軍區公所,臺南市將軍區忠興里19190號
將軍區老人文康活動中心,臺南市將軍區忠興里18180-50號
柳營簡易法庭,臺南市柳營區人和里20義士路5段601號
臺南市柳營區圖書館,臺南市柳營區士林里11柳營路2段59號
江南渡假村,臺南市柳營區旭山里60號
臺南市柳營區公所,臺南市柳營區士林里11柳營路2段59號
交通部台灣區國道高速公路局新營服務區（北上),臺南市後壁區竹新里16新厝72號
交通部台灣區國道高速公路局新營服務區（南下),臺南市後壁區竹新里16新厝69號
台南航空站,臺南市南區大恩里23機場路775號
臺南市勞工育樂中心,臺南市南區竹溪里9南門路261號
臺南市府南戶政事務所,臺南市南區南都里9明興路2號
台南市立醫院,臺南市東區崇成里18崇德路670號
臺南監理站,臺南市東區德光里18崇德路1號
遠東百貨,臺南市東區成大里18前鋒路210號
臺南市政府衛生局林森辦公室,臺南市東區龍山里5林森路1段418號
台灣鐵路管理局台南車站,臺南市東區成大里31北門路2段4號
德安百貨,臺南市東區忠孝里3中華東路3段360號
臺南文化中心,臺南市東區忠孝里3中華東路3段332號
南紡夢時代,臺南市東區東光里1中華東路366號
南仁湖育樂股份有限公司-東山營業所,臺南市東山區科里里21枋子林74-6號
臺南市官田區公所,臺南市官田區隆田里7中山路1段132號
勞動部勞動力發展署雲嘉南分署,臺南市官田區二鎮里1工業路40號
臺南市佳里區公所,臺南市佳里區六安里27忠孝路5號
臺南市西港區公所,臺南市西港區西港里3文化路1號
臺南市立安南醫院-委託中國醫藥大學興建經營,臺南市安南區州南里12長和路2段66號
國立台灣歷史博物館,臺南市安南區東和里7長和路1段250號
臺南市安定區圖書館,臺南市安定區安加里10262-8號
臺灣臺南地方法院檢查署,臺南市安平區國平里17健康路3段310號
臺灣臺南地方法院,臺南市安平區國平里17健康路3段308號
臺南市安平區地政事務所,臺南市安平區建平里17建平路321號
臺南市安平區圖書館,臺南市安平區平通里31育平路320號
臺南市安平區公所,臺南市安平區平通里15育平路316號
臺南安平區衛生所,臺南市安平區平通里15育平路310號
臺南市政府消防局,臺南市安平區平通里32永華路2段898號
臺南市政府,臺南市安平區建平里28永華路2段6號
臺南社福大樓,臺南市安平區建平里8中華西路2段315號
臺南市玉井區圖書館,臺南市玉井區玉田里33民族路218號
臺南市玉井區綜合體育館,臺南市玉井區玉田里33民族路216號
臺南市玉井區公所,臺南市玉井區玉井里1中正路27號
玉井工商,臺南市玉井區中山路1-1號
高雄榮民總醫院臺南分院,臺南市永康區復興里2復興路427號
臺南市永康區社教館,臺南市永康區永康里42永大二路88號
愛買量販店,臺南市永康區塩洲里24中正南路533號
家樂福量販店(中正店),臺南市永康區塩行里27中正南路358號
臺南市永康區公所,臺南市永康區塩洲里25中正南路655號
臺南市永康區戶政事務所,臺南市永康區永康里37大同街735號
臺南市左鎮區圖書館,臺南市左鎮區中正里13中正176-19號
臺南市左鎮區公所,臺南市左鎮區中正里12中正171-4號
臺南左鎮化石園區,臺南市左鎮區61-1號
大潤發台南站,臺南市北區和順里39臨安路2段310號
國立成功大學醫學院附設醫院,臺南市北區仁愛里1勝利路138號
好市多量販店,臺南市北區大豐里16和緯路4段8號
特力屋,臺南市北區文元里15文賢路720號
雲嘉南管理處 北門遊客中心,臺南市北門區北門里22舊埕200號
臺南市六甲區公所,臺南市六甲區水林里1中山路202號
交通部臺灣區國道高速公路局仁德服務區(南下),臺南市仁德區中州里11-15號
衛生福利部嘉南療養院,臺南市仁德區仁德里40中山路870巷80號
台糖嘉年華購物中心,臺南市仁德區仁愛里27大同路3段755號
臺南市政府稅務局,臺南市中西區進學里20忠義路1段96號
法務部行政執行署臺南分署,臺南市中西區進學里14府前路1段305號之1
新光三越百貨公司 （西門店）,臺南市中西區小西里4西門路1段658號
家樂福量販店 (安平店),臺南市中西區大涼里27中華西路2段16號
國立臺南生活美學館,臺南市中西區大涼里28中華西路2段34號
國立臺灣文學館,臺南市中西區永華里19中正路1號
臺灣高等法院臺南分院,臺南市中西區公正里1中山路170號
FOCUS時尚流行館,臺南市中西區公正里1中山路166號
新光三越中山店,臺南市中西區公正里1中山路162號
衛生福利部台南醫院,臺南市中西區赤嵌里4中山路125號
臺南市山上區圖書館,臺南市山上區南洲里353號
南瀛天文教育園區,臺南市大內區曲溪里34-2號
國立台灣鹽博物館,臺南市七股區塩埕里3鹽埕路69號
台鹽實業股份有限公司七股鹽場,臺南市七股區塩埕里3鹽埕路66號
七股區篤加里活動中心,臺南市七股區篤加里5篤加47-7號
臺南市七股區公所,臺南市七股區大埕里11377號
臺南市七股區圖書館,臺南市七股區大埕里11377-1號
臺南市南化區圖書館,臺南市南化區南化里227號-1
塩埕圖書館,南區新和東路51號
台南市立棒球場,南區
大億麗緻酒店,臺南市中西區西門路1段660號
香格里拉台南遠東國際大飯店,臺南市東區大學路西段89號
台糖長榮酒店(台南),臺南市東區中華東路3段336巷1號
趣淘漫旅,密枝里密枝102之5號
台南大飯店,臺南市中西區成功路1號
台南大員皇冠假日酒店,臺南市安平區州平路289號
苗栗縣政府(第二辦公室),苗栗縣苗栗市建功里府前路1號
苗栗縣政府國際文化觀光局,苗栗縣苗栗市北苗里自治路50號
臺灣苗栗地方法院,苗栗縣苗栗市恭敬里中正路1149號
苗栗縣立體育場,苗栗縣苗栗市嘉盛里經國路4段79號
苗栗巨蛋體育館,苗栗縣苗栗市國華路1121號
衛生福利部苗栗醫院,苗栗縣苗栗市嘉盛里為公路747號
家樂福-苗栗店,苗栗縣苗栗市北苗里國華路599號
城市規劃館,苗栗縣苗栗市縣府路102號
三義鄉立圖書館,苗栗縣三義鄉廣盛村新生路9-21號2樓
新竹林區管理處火焰山森林生態教育館,苗栗縣三義鄉廣盛村25鄰中正路73號
雪霸國家公園管理處,苗栗縣大湖鄉富興村水尾坪100號
行政院農業委員會苗栗區農業改良場,苗栗縣公館鄉館南村261號
苗栗縣竹南鎮公所,苗栗縣竹南鎮正南里23中正路112號1樓
竹南鎮立圖書館,苗栗縣竹南鎮正南里23中正路108號B1
李科永紀念圖書館,苗栗縣竹南鎮新南里17永貞路2段196號1樓
苗北藝文中心,苗栗縣竹南鎮新南里17公園路206號B1
台灣菸酒公司竹南啤酒廠展售中心,苗栗縣竹南鎮崎頂里16和興路345號(竹南工業區)
竹南火車站,苗栗縣竹南鎮竹南里1中山路166號2樓
國道高速公路局中區工程處西湖服務區（北上休息區）,苗栗縣西湖鄉湖東村8鄰29號
客家文化發展中心苗栗園區,苗栗縣銅鑼鄉九湖村銅科南路6號1樓(家特色產業展售區旁)
大潤發頭份店,苗栗縣頭份市東庄里18鄰自強路230號
頭份市公所,苗栗縣頭份市仁愛里1鄰中山路232號
獅潭文化會館(圖書館),苗栗縣獅潭鄉新店村9鄰98號
公館鄉公所,苗栗縣公館鄉玉泉村14鄰368之10號
苗栗縣政府(第一辦公室),苗栗縣苗栗市縣府路100號
苑裡鎮立圖書館,苗栗縣苑裡鎮客庄里11鄰信義路1-1號
國道高速公路局中區工程處西湖服務區(南下休息區),苗栗縣西湖鄉湖東村8鄰埔頂29號
苗栗火車站,苗栗縣苗栗市北苗里為公路1號
財政部中區國稅局苗栗分局,苗栗縣苗栗市玉清里玉清路386號
尚順文創股份有限公司,苗栗縣頭份市東庄里15鄰中央路103號5F
國際文化觀光局-客家圓樓,苗栗縣後龍鎮校椅里新港三路295號
木雕博物館,苗栗縣三義鄉廣盛村廣聲新城88號
台灣高鐵苗栗車站,苗栗縣後龍鎮校椅里高鐵三路268號
英才書院,苗栗縣後龍鎮校椅里新港三路700號
貓貍影城桐花樂園,苗栗縣銅鑼鄉銅鑼村26鄰龍泉15號
苗栗特色館,苗栗縣公館鄉館南村14鄰館南352號
尚順開發股份有限公司,苗栗縣頭份市東庄里15鄰中央路105號
泰雅文物館,苗栗縣泰安鄉錦水村46-3號
賽夏族民俗文物館,苗栗縣南庄鄉東河村向天湖25號
台鹽通霄精鹽廠,苗栗縣通霄鎮內島里122號
公館鄉立圖書館,苗栗縣公館鄉館中村宮前路6-1號
新北市立圖書館八里分館,新北市八里區舊城里18鄰舊城路19號5樓
新北市八里區公所,新北市八里區訊塘里10鄰中山路2段356巷16號
新北市八里區衛生所,新北市八里區舊城里11鄰舊城路16號
衛生福利部八里療養院,新北市八里區舊城里22鄰華富山33號
新北市立十三行博物館,新北市八里區頂罟里6鄰博物館路200號
新北市政府教育局永續環境教育中心,新北市八里區大崁里1鄰觀海大道36號
新北市立八里愛心教養院,新北市八里區舊城里22鄰華富山37號
長坑里活動中心,新北市八里區長坑里12鄰長坑口35之2號
新北市政府市場處八里區中庄公有零售市場,新北市八里區埤頭里13鄰中山路1段109號
八里下庄公共托育中心,新北市八里區舊城里018鄰舊城路19號2樓
新北市立圖書館三芝分館,新北市三芝區埔頭里29鄰淡金路1段37號
新北市三芝區公所,新北市三芝區埔頭里30鄰中山路1段32號
新北市三芝區衛生所,新北市三芝區埔頭里30鄰中山路1段12號
三芝遊客中心 (三芝管理站),新北市三芝區埔坪里21鄰埔頭坑164-2號
新北市三重區戶政事務所,新北市三重區過田里4鄰新北大道1段9號6樓
新北市三重區戶政事務所溪美辦事處,新北市三重區溪美里8鄰溪尾街73號2樓
新北市立圖書館三重五常分館,新北市三重區五常里30鄰五華街7巷30號2樓
新北市立圖書館三重分館,新北市三重區正義里11鄰自強路1段158號
新北市立圖書館三重田中分館,新北市三重區田中里4鄰忠孝路3段40巷51號
新北市立圖書館三重東區分館,新北市三重區慈化里15鄰溪尾街303號
新北市立圖書館三重崇德分館,新北市三重區崇德里17鄰仁孝街62號2樓
新北市立圖書館三重南區分館,新北市三重區光明里16鄰重安街70號3樓
新北市立圖書館三重培德分館,新北市三重區培德里10鄰忠孝路2段35號2樓
新北市三重地政事務所,新北市三重區過田里4鄰新北大道1段11號8樓
新北市三重區公所,新北市三重區過田里4鄰新北大道1段11號1樓
新北市政府稅捐稽徵處三重分處,新北市三重區過田里7鄰重陽路1段115號
新北市三重區衛生所,新北市三重區中山里17鄰新北大道1段2-1號
新北市立聯合醫院三重院區門診,新北市三重區中山里17鄰新北大道1段3號
新北市原住民族服務中心,新北市三重區過田里4鄰新北大道1段5巷2弄2號4樓
新北市政府勞工局勞工育樂科（三重勞工中心）,新北市三重區過田里4鄰新北大道1段9號8樓
新北政府警察局三重分局,新北市三重區過田里1鄰重新路3段147號
三重簡易庭,新北市三重區過田里1鄰重新路3段145號
三重國民運動中心,新北市三重區福祉里5鄰集美街55號
三重區社教館,新北市三重區光明里28鄰集美街60號
三重區綜合體育館,新北市三重區中山里17鄰新北大道1段1號
三重郵政,新北市三重區過田里4鄰新北大道1段17號
愛買台北三重店,新北市三重區永發里21鄰中正北路193巷45號
家樂福重新路,新北市三重區中興里20鄰重新路5段654號
家樂福蘆洲店,新北市三重區碧華里14鄰五華街282號
三重重新公共托育中心,新北市三重區查無資料重新路5段51號2樓
三重二重公共托育中心,新北市三重區查無資料大有街10號
三重台北橋公共托育中心,新北市三重區福星里004鄰重新路1段108號2樓
三重三光公共托育中心,新北市三重區同安里016鄰大同南路157號
新北市三峽區戶政事務所,新北市三峽區介壽里10鄰光明路71號5樓
新北市立圖書館三峽分館,新北市三峽區介壽里10鄰永安街9巷5號2樓
新北市三峽區公所,新北市三峽區永舘里5鄰中山路17號
新北市三峽區衛生所,新北市三峽區介壽里10鄰光明路71號3樓
行政院國軍退除役官兵輔導委員會臺北榮譽國民之家,新北市三峽區查無資料白雞路127號
新北市客家文化園區,新北市三峽區龍恩里30鄰隆恩街239號
新北政府警察局三峽分局,新北市三峽區礁溪里20鄰中正路1段48號
國家教育研究院,新北市三峽區龍埔里8鄰三樹路2號
新北市政府市場處三峽區三峽公有零售市場,新北市三峽區永舘里13鄰民生街186號
三峽鳶山公共托育中心,新北市三峽區鳶山里015鄰中山路175號
三峽光明公共托育中心,新北市三峽區介壽里010鄰光明路71號2樓
三峽中園公共托育中心,新北市三峽區中埔里009鄰弘園街22號A棟1樓
新北市政府稅捐稽徵處三鶯分處,新北市三峽區鳶山里015鄰中山路175號
新北市土城區戶政事務所,新北市土城區埤塘里4鄰和平路28號
新北市立圖書館土城分館,新北市土城區員信里13鄰中正路18號7樓
新北市立圖書館土城親子分館,新北市土城區頂福里17鄰中州路28巷30號4樓
新北市土城區公所,新北市土城區埤塘里12鄰金城路1段101號
新北市土城區衛生所,新北市土城區埤塘里4鄰和平路26號
新北政府警察局土城分局少年隊,新北市土城區埤塘里4鄰和平路22號
臺灣新北地方法院本院,新北市土城區青雲里11鄰金城路2段249號
土城國民運動中心,新北市土城區青雲里10鄰金城路2段247之1號
土城社會福利福務中心,新北市土城區員信里13鄰中正路18號5樓
新北市政府市場處土城區頂埔公有零售市場(三商行（股）大美折扣超市土城店),新北市土城區頂福里17鄰中州路28巷30號
大潤發土城店,新北市土城區永寧里3鄰永安街25號
土城和平公共托育中心,新北市土城區員信里013鄰中正路18號7樓
土城廣福公共托育中心,新北市土城區頂福里017鄰中州路28巷30號4樓
迪斯尼購物廣場,新北市土城區青雲路152號
新北市中和戶政事務所,新北市中和區外南里2鄰南山路236號4樓
新北市立圖書館中和分館,新北市中和區外南里2鄰南山路236號6、7樓
新北市立圖書館中和員山分館,新北市中和區民有里22鄰民享街37號2樓
文化局/美麗永安生活館,新北市中和區中安里4鄰中和路390號2樓
國立臺灣圖書館,新北市中和區中安里31鄰中安街85號
新北市中和地政事務所,新北市中和區復興里30鄰復興路280號
新北市中和區公所,新北市中和區漳和里3鄰景平路634-2號
新北市政府稅捐稽徵處中和分處,新北市中和區復興里30鄰復興路278號
北區國稅局中和稽徵所,新北市中和區中原里10鄰中正路866號9樓
新北市中和區衛生所,新北市中和區漳和里3鄰南山路4巷3號
衛生福利部雙和醫院,新北市中和區力行里33鄰中正路291號
刑警大隊,新北市中和區嘉新里18鄰民安街176號
婦幼警察隊、保安警察大隊、交通警察大隊,新北市中和區員富里4鄰中正路1167號
新北市政府警察局中和分局,新北市中和區新南里2鄰圓通路30號
新北市選舉委員會,新北市中和區中原里5鄰光環路2段21號
中和國民運動中心,新北市中和區錦中里13鄰錦和路350之2號
內政部移民署北區事務大隊新北市服務站,新北市中和區嘉新里18鄰民安街135號
好市多中和店,新北市中和區連和里17鄰中山路2段347號
大潤發景平店,新北市中和區秀明里43鄰景平路182號B1
環球購物中心中和店,新北市中和區員山里22鄰中山路3段122號
威力購物廣場,新北市中和區連和里17鄰中山路2段291號
家樂福中和店,新北市中和區福善里39鄰中山路2段228號B1
大潤發中和店,新北市中和區福善里39鄰中山路2段228號B1
中和南勢角公共托育中心,新北市中和區景福里044鄰捷運路56號2樓
中和連城公共托育中心,新北市中和區漳和里003鄰中和路100號
中和民享公共托育中心,新北市中和區查無資料民享街37號2樓
中和錦和公共托育中心,新北市中和區查無資料圓通路292號2-3樓
新北市立圖書館五股分館,新北市五股區五股里9鄰工商路1號3樓
新北市立圖書館五股水碓分館,新北市五股區水碓里22鄰明德路10號3樓
新北市立圖書館五股成功分館,新北市五股區成功里27鄰西雲路165號5樓
新北市五股區公所,新北市五股區五股里11鄰中興路4段50號
新北市五股區衛生所,新北市五股區五股里5鄰中興路4段67-1號
新北市政府勞工局勞工育樂科(新北市勞工活動中心),新北市五股區興珍里36鄰五工六路9號
新北市工商展覽中心,新北市五股區興珍里37鄰五權路1號
觀音山遊客中心 (觀音山管理站),新北市五股區觀音里13鄰凌雲路3段130號
五股興珍公共托育中心,新北市五股區興珍里36鄰五工六路9號2樓
新北市立圖書館平溪分館,新北市平溪區石底里3鄰公園街17號1樓
新北市平溪區衛生所,新北市平溪區石底里3鄰公園街17號
十分遊客中心,新北市平溪區南山里4鄰南山坪136號
新北市永和戶政事務所,新北市永和區豫溪里15鄰竹林路200之1號
新北市立圖書館永和分館,新北市永和區光明里13鄰國光路2號
新北市立圖書館永和民權分館,新北市永和區民族里12鄰民權路60號7-8樓
新北市立圖書館永和保生分館,新北市永和區新生里18鄰新生路218號5-6樓
永和忠孝圖書館閱覽室,新北市永和區頂溪里7鄰忠孝街26巷8號3樓
新北市永和區公所　,新北市永和區豫溪里15鄰竹林路200號
新北市永和區衛生所,新北市永和區店街里14鄰秀朗路1段137號
新北政府警察局永和分局,新北市永和區豫溪里15鄰竹林路198號
新北市國父紀念館,新北市永和區豫溪里15鄰竹林路202號
豐東興業股份有限公司(比漾廣場),新北市永和區保安里32鄰中山路1段238號
永和中興公共托育中心,新北市永和區永興里022鄰國光路116巷2號3樓
永和國民運動中心,新北市永和區秀林里013鄰永利路250號
新北市立圖書館石門分館,新北市石門區尖鹿里1鄰中央路9-3號
新北市石門區公所,新北市石門區尖鹿里3鄰中山路66號
新北市石門區衛生所,新北市石門區石門6鄰中山路28之1號
交通部觀光局北海岸及觀音山國家風景區管理處,新北市石門區德茂里6鄰下員坑33-6號
新北市石碇區公所,新北市石碇區潭邊里5鄰碇坪路1段37號
新北市石碇區衛生所,新北市石碇區潭邊里4鄰碇坪路1段82號
交通部臺灣區國道高速公路局北區工程處石碇服務區,新北市石碇區豐林里3鄰文山路1段6號
新北市汐止戶政事務所,新北市汐止區秀峰里1鄰新台五路1段268號6樓
新北市立圖書館汐止分館,新北市汐止區秀峰里1鄰新台五路1段268號5樓
新北市立圖書館汐止長安分館,新北市汐止區長安里11鄰長興街1段50號3樓
新北市立圖書館汐止茄苳分館,新北市汐止區茄苳里4鄰茄苳路225巷35號
新北市立圖書館汐止橫科圖書閱覽室,新北市汐止區橫科里34鄰橫科路117號3樓
新北市立圖書館汐止大同分館,新北市汐止區義民里11鄰大同路2段451號
新北市立圖書館汐止江北分館,新北市汐止區江北里12鄰汐萬路1段81號
新北市汐止地政事務所,新北市汐止區秀峰里1鄰新台五路1段262號
新北市汐止區公所,新北市汐止區秀峰里1鄰新台五路1段268號
新北市政府稅捐稽徵處汐止分處,新北市汐止區秀峰里1鄰新台五路1段268號8樓
新北市汐止區衛生所,新北市汐止區秀峰里1鄰新台五路1段266號
新北政府警察局汐止分局,新北市汐止區義民里20鄰民生街1號
台灣自來水公司第一區管理處汐止營運所,新北市汐止區長安里11鄰長興街1段100號
交通部臺灣鐵路管理局汐止車站,新北市汐止區信望里4鄰信義路1號
交通部臺灣鐵路管理局五堵車站,新北市汐止區長安里5鄰長安路17號
好市多汐止店,新北市汐止區樟樹里11鄰大同路1段158號
汐止遠雄購物中心,新北市汐止區文化里21鄰新台五路1段108號B1
汐止忠厚公共托育中心,新北市汐止區復興里010鄰新台五路1段99號B1
汐止北峰公共托育中心,新北市汐止區厚德里003鄰樟樹一路137巷26號2樓
汐止國民運動中心,新北市汐止區秀峰里023鄰汐科路321號
新北市立圖書館坪林分館,新北市坪林區坪林里1鄰國中路3號
新北市坪林區衛生所,新北市坪林區查無資料坪林街104號
坪林遊客旅遊服務中心,新北市坪林區坪林里6鄰北宜路8段67號
新北市坪林茶葉博物館,新北市坪林區水德里1鄰水聳淒坑19-1號
新北市板橋戶政事務所,新北市板橋區社後里1鄰中正路6號
新北市立圖書館新總館,新北市板橋區華貴里19鄰貴興路139號
新北市立圖書館板橋分館,新北市板橋區黃石里10鄰文化路1段23號3樓
新北市立圖書館板橋四維分館,新北市板橋區陽明里4鄰陽明街168號
新北市立圖書館板橋忠孝分館,新北市板橋區重慶里11鄰國慶路149巷21弄16號
新北市立圖書館板橋溪北分館,新北市板橋區堂春里4鄰篤行路2段133號
新北市立圖書館板橋江子翠分館,新北市板橋區莒光里16鄰莊敬路62號
新北市立圖書館板橋民生圖書閱覽室,新北市板橋區東丘里1鄰民生路1段30號2樓
新北市立圖書館板橋浮洲圖書閱覽室,新北市板橋區查無資料大觀路2段163號2樓
新北市立圖書館板橋國光圖書閱覽室,新北市板橋區中正里5鄰中正路375巷48號3樓
新北市立圖書館板橋萬板親子圖書閱覽室,新北市板橋區埤墘里3鄰萬板路28號
文化局/府中15動畫故事館,新北市板橋區挹秀里8鄰府中路15號
文化局/板橋435藝文中心,新北市板橋區中正里1鄰中正路435號
新北市板橋地政事務所,新北市板橋區深丘里5鄰實踐路1號
新北市板橋區公所,新北市板橋區挹秀里8鄰府中路30號
新北市政府稅捐總處,新北市板橋區福丘里13鄰中山路1段143號
財政部北區國稅局板橋分局,新北市板橋區挹秀里12鄰文化路1段48號
新北市板橋區衛生所,新北市板橋區德翠里11鄰英士路192號
行政院國軍退除役官兵輔導委員會新北市榮民服務處,新北市板橋區深丘里5鄰實踐路5號
新北市立聯合醫院板橋院區門診,新北市板橋區德翠里11鄰英士路198號
國定古蹟林本源園邸,新北市板橋區留侯里8鄰西門街9號
新北市政府,新北市板橋區福丘里13鄰中山路1段161號1樓
新北市教育研究發展中心,新北市板橋區查無資料橋中1街1-1號
新北政府警察局海山分局,新北市板橋區東安里9鄰漢生東路195號
新北市警察局板橋分局,新北市板橋區挹秀里13鄰文化路1段52號
新北政府警察局,新北市板橋區挹秀里8鄰府中路32號
新北市政府衛生局,新北市板橋區德翠里11鄰英士路192~1號
新北市政府環境保護局,新北市板橋區深丘里5鄰民族路57號
新北市政府消防局,新北市板橋區華東里5鄰南雅南路2段15號
板橋第二運動場區,新北市板橋區社後里1鄰民權路117號
板橋國民運動中心,新北市板橋區德翠里11鄰智樂路6號
板橋就業服務站,新北市板橋區長安里7鄰漢生東路163號
臺灣新北地方法院板橋第二院區,新北市板橋區東丘里1鄰民生路1段30巷1號
臺灣電力公司北南區處,新北市板橋區福星里16鄰四川路1段287號
板橋文化郵局,新北市板橋區新埔里3鄰文化路1段395號
交通部臺灣鐵路管理局板橋車站,新北市板橋區新民里1鄰縣民大道2段7號
台灣高速鐵路股份有限公司/板橋車站,新北市板橋區新民里1鄰縣民大道2段7號
環球購物中心板橋店,新北市板橋區新民里1鄰縣民大道2段7號
遠東百貨板橋分公司,新北市板橋區深丘里1鄰中山路1段152號
家樂福板橋店,新北市板橋區富貴里9鄰三民路2段31號
遠東百貨新站分公司,新北市板橋區福丘里14鄰新站路28號
遠百企業股份有限公司南雅分公司(愛買量販店),新北市板橋區華貴里18鄰貴興路101號
板橋新板公共托育中心,新北市板橋區福丘里016鄰漢生東路258號2樓
板橋大觀公共托育中心,新北市板橋區浮洲里025鄰大觀路1段30號2樓
板橋信義公共托育中心,新北市板橋區華德里023鄰四川路2段245巷60號
板橋國光公共托育中心,新北市板橋區香社里001鄰中正路325巷30號
板橋社後公共托育中心,新北市板橋區中正路10號2樓
新北市林口區衛生所,新北市林口區菁湖里4鄰忠孝2路55號
新北市立圖書館林口分館,新北市林口區仁愛里29鄰公園路192號
新北市林口區公所,新北市林口區西林里12鄰仁愛路1段378號
新北市政府稅捐稽徵處林口分處,新北市林口區南勢里22鄰忠孝2路55號3樓
新北市政府市場處林口區麗林公有零售市場,新北市林口區麗林里29鄰公園路59號
新北市政府市場處林口區東勢公有零售市場,新北市林口區東勢里38鄰麗園一街35號
家樂福林口店,新北市林口區湖南里14鄰文化二路1段559號B1
林口三井暢貨中心,新北市林口區南勢里22鄰文化三路1段356號
林口仁愛公共托育中心,新北市林口區仁愛里030鄰文化一路1段137號3樓
林口忠孝公共托育中心,新北市林口區南勢里022鄰忠孝二路55號1樓
林口麗林公共托育中心,新北市林口區公園路59號2樓
新北市立圖書館金山分館,新北市金山區五湖里4鄰龜子山8號
新北市金山區公所,新北市金山區金美里17鄰中正路11號
新北市金山區衛生所,新北市金山區大同里1鄰民生路59號
國立臺灣大學醫學院附設醫院金山分院,新北市金山區五湖里16鄰南勢51號
新北政府警察局金山分局,新北市金山區大同里1鄰民生路65號
金山遊客中心 (野柳管理站),新北市金山區磺港路171-2 號
新北市泰山戶政事務所,新北市泰山區全興里7鄰全興路212號4樓
新北市立圖書館泰山分館,新北市泰山區全興里7鄰全興路212號5樓
新北市立圖書館泰山貴子分館,新北市泰山區貴子里5鄰工專路22號3樓
新北市立圖書館泰山親子閱覽室,新北市泰山區楓樹里21鄰楓江路26巷26號3樓
新北市泰山區公所,新北市泰山區同榮里2鄰明志路1段322號
新北市泰山區衛生所,新北市泰山區全興里7鄰全興路212號3樓
泰山體育場,新北市泰山區同榮里29鄰公園路54號
新五泰國民運動中心,新北市泰山區福興里25鄰全興路167號
新北市政府市場處泰山區泰山公有零售市場,新北市泰山區全興里7鄰全興路212號
泰山幼獅公共托育中心,新北市泰山區全興里007鄰全興路212號3樓
泰山同榮公共托育中心,新北市泰山區同興里008鄰明志路1段427號2-3樓
新北市立圖書館烏來分館,新北市烏來區烏來里6鄰烏來街34號2樓
新北市烏來區公所,新北市烏來區忠治里查無資料堰堤48號
新北市烏來區衛生所,新北市烏來區忠治里查無資料堰堤48-1號
新北市政府原住民行政局(烏來泰雅民族博物館),新北市烏來區烏來里5鄰烏來街12號
烏來遊客中心,新北市烏來區烏來里10鄰瀑布34號
新北市立圖書館貢寮分館,新北市貢寮區真理里6鄰仁愛路79號3樓
新北市貢寮區衛生所,新北市貢寮區真理里6鄰仁愛路128號
東北角暨宜蘭海岸國家風景區管理處-福隆遊客中心,新北市貢寮區福隆里12鄰興隆街36號
新北市淡水戶政事務所,新北市淡水區崁頂里2鄰中山北路2段375號2樓
新北市立圖書館淡水分館,新北市淡水區新生里13鄰文化路65號
新北市立圖書館淡水水碓分館,新北市淡水區水碓里17鄰中山北路1段158號6樓
新北市立圖書館淡水竹圍分館,新北市淡水區民生里19鄰民生路27號5樓
新北市淡水地政事務所,新北市淡水區新生里9鄰中山北路2段375號5、6樓
新北市淡水區公所,新北市淡水區草東里16鄰中山北路2段375號
新北市政府稅捐稽徵處淡水分處,新北市淡水區新生里9鄰中山北路2段375號3樓
新北市淡水區衛生所,新北市淡水區協元里2鄰中山路158號
新北市立淡水古蹟博物館(紅毛城),新北市淡水區文化里4鄰中正路28巷1號
新北市立淡水古蹟博物館(藝術工坊),新北市淡水區民安里7鄰中正路298號
新北市立淡水古蹟博物館(滬尾礮臺),新北市淡水區油車里1鄰中正路1段6巷34號
新北政府警察局淡水分局,新北市淡水區新生里9鄰中正路229號
中興活動中心,新北市淡水區學府里1鄰水源街1段29號
淡水國民運動中心,新北市淡水區崁頂里2鄰中山北路2段381巷2號
新北市政府市場處淡水區中正公有零售市場,新北市淡水區民安里6鄰中正路115號
家樂福淡新店,新北市淡水區崁頂里2鄰中山北路2段383號
淡水淡海公共托育中心,新北市淡水區大庄里005鄰淡海路111號2樓
淡水新興公共托育中心,新北市淡水區新義里014鄰大義街18號
新北市深坑區公所,新北市深坑區深坑里13鄰深坑街10號
新北市深坑區衛生所,新北市深坑區深坑里9鄰深坑街165號
新北市政府市場處深坑區深坑公有零售市場,新北市深坑區深坑里30鄰平埔街22巷8號
新北市新店戶政事務所安康辦事處,新北市新店區公崙里14鄰安康路2段120號3樓
新北市立圖書館新店寶興圖書閱覽室,新北市新店區寶興里21鄰寶中路65巷59號3樓
新北市立圖書館新店仁愛圖書閱覽室,新北市新店區國豐里2鄰建國路58號2樓
新北市立圖書館新店柴埕圖書閱覽室,新北市新店區柴埕里5鄰安民街79號3樓
新北市立圖書館新店龜山圖書閱覽室,新北市新店區龜山里2鄰新烏路3段136號1樓
新北市立圖書館新店三民圖書閱覽室,新北市新店區中正里21鄰三民路20-2號2樓
新北市立圖書館青少年圖書館,新北市新店區德安里10鄰安康路2段151號
新北市立圖書館新店分館,新北市新店區大同里12鄰北新路3段105巷2號3樓
新北市新店地政事務所,新北市新店區中興里7鄰北新路2段128號3樓
新北市新店區大豐社福館,新北市新店區大豐里17鄰民族路110號
新北市新店區公所,新北市新店區中興里2鄰北新路1段80號
新北市政府稅捐稽徵處新店分處,新北市新店區五峯里2鄰行政街11號2樓
新北市新店區衛生所,新北市新店區五峯里2鄰北新路1段88巷11號
新北政府警察局新店分局,新北市新店區五峯里1鄰寶橋路1段188號4樓
新北市政府就業服務中心新店就業服務站,新北市新店區寶福里15鄰中興路2段190號
新店文史館,新北市新店區五峯里1鄰北新路1段92號
法務部調查局,新北市新店區中正里1鄰中華路74號
水利署新店辦公室,新北市新店區永安里1鄰安和路3段76號
水土保持局臺北分局,新北市新店區太平里18鄰精忠路10號
新北市政府市場處新店區安康公有零售市場,新北市新店區公崙里14鄰安康路2段120號
新北市政府市場處新店區中央公有零售市場,新北市新店區中央里10鄰中央五街60號
臺北大眾捷運股份有限公司（七張站）,新北市新店區新安里8鄰北新路2段150號
家樂福新店店,新北市新店區寶興里1鄰中興路3段1號
大潤發碧潭店,新北市新店區新生里2鄰環河路22號B1
新店安康公共托育中心,新北市新店區公崙里014鄰安康路2段120號2樓
新店新和公共托育中心,新北市新店區永安里003鄰安和路3段100號
新店北新公共托育中心,新北市新店區查無資料寶橋路8號
新店青潭公共托育中心,新北市新店區美潭里001鄰北宜路2段80號
新店柴埕公共托育中心,新北市新店區柴埕里005鄰安民街79號
新北市新莊戶政事務所,新北市新莊區榮和里12鄰中華路1段1號2樓
新北市立圖書館新莊中港,新北市新莊區中華里14鄰中港路350號4-8樓
新北市立圖書館新莊分館,新北市新莊區榮和里12鄰中華路1段2號5、6樓
新北市立圖書館新莊西盛分館,新北市新莊區光正里1鄰西盛街216號
新北市立圖書館新莊福營分館,新北市新莊區四維里2鄰四維路9號3-5樓
新北市立圖書館新莊聯合分館,新北市新莊區仁愛里8鄰自由街1號
新北市市立圖書館新莊裕民分館,新北市新莊區裕民里23鄰裕民街136號4-5樓
新北市新莊地政事務所,新北市新莊區榮和里12鄰中華路1段3號
新北市新莊區公所,新北市新莊區興漢里22鄰中正路176號
新北市政府稅捐稽徵處新莊分處,新北市新莊區忠孝里29鄰仁愛街56號
新北市新莊區衛生所,新北市新莊區榮和里12鄰中華路1段2號
衛生福利部台北醫院門診A棟3F,新北市新莊區思源里3鄰思源路127號A棟2樓
新北政府警察局新莊分局,新北市新莊區榮和里12鄰中正路150號
勞動部勞動力發展署北基宜花金馬分署,新北市新莊區中原里1鄰中平路439號南棟3樓
新莊國民運動中心,新北市新莊區立德里11鄰公園路11號
新莊體育場,新北市新莊區立德里14鄰和興街66號
新莊文化藝術中心,新北市新莊區立基里24鄰中平路133號
新北市新莊勞工中心,新北市新莊區西盛里5鄰新樹路222號
衛生福利部樂生療養院,新北市新莊區雙鳳里5鄰中正路794號
行政執行署新北分署,新北市新莊區中原里1鄰中平路439號北棟12樓
行政院新莊合署辦公大樓,新北市新莊區中原里1鄰中平路439號
台電服務據點北西區處,新北市新莊區化成里13鄰化成路135號
台灣自來水公司第十二區管理區新莊服務所,新北市新莊區思源里2鄰思源路32號
IKEA宜家家居,新北市新莊區文明里1鄰中正路1號
新莊德明公共托育中心,新北市新莊區文明里009鄰中正路147-20號1-3樓
新莊昌平公共托育中心,新北市新莊區昌平里008鄰昌平街200號1樓
新莊裕民公共托育中心,新北市新莊區裕民里031鄰中正路新生巷66號
新莊中港公共托育中心,新北市新莊區中港一街142號
好市多新莊店,新北市新莊區建國一路138號
北區國稅局新莊稽徵所,新北市新莊區中平路439號北棟3-4樓
新北市瑞芳戶政事務所,新北市瑞芳區龍興里008鄰中正路30號5樓
新北市瑞芳地政事務所,新北市瑞芳區龍興里7鄰明燈路3段32號
新北市瑞芳區公所,新北市瑞芳區龍鎮里8鄰逢甲路82號
新北市政府稅捐稽徵處瑞芳分處,新北市瑞芳區龍興里7鄰明燈路3段42號
新北市瑞芳區衛生所,新北市瑞芳區龍興里7鄰明燈路3段1號
新北市立黃金博物館,新北市瑞芳區瓜山里1鄰金光路8號
新北政府警察局瑞芳分局,新北市瑞芳區龍興里8鄰明燈路3段25號
新北市政府市場處瑞芳區第一公有零售市場,新北市瑞芳區龍興里7鄰明燈路3段2號
交通部臺灣鐵路管理局宜蘭運務段瑞芳火車站,新北市瑞芳區龍川里1鄰明燈路3段82號
新北市立圖書館萬里分館,新北市萬里區萬里里5鄰瑪鋉路221號4樓
新北市萬里區公所,新北市萬里區萬里里5鄰瑪鋉路221號5樓
新北市萬里區衛生所,新北市萬里區萬里里4鄰瑪鋉路157號
野柳遊客中心,新北市萬里區查無資料港東路167-1號
新北市立仁愛之家,新北市萬里區查無資料玉田路61號
臺電核二廠北部展示館,新北市萬里區野柳里19鄰八斗60號
新北市樹林戶政事務所,新北市樹林區潭底里9鄰保安街1段285號
紅樹林,新北市淡水區中正東路2段68號
新北市立圖書館樹林分館,新北市樹林區東昇里18鄰中山路2段80號3樓
新北市樹林地政事務所,新北市樹林區中山里16鄰地政街12號
新北市樹林區公所,新北市樹林區樹東里8鄰鎮前街93號
新北市樹林區衛生所,新北市樹林區東昇里18鄰中山路2段80-1號
新北政府警察局樹林分局,新北市樹林區潭底里33鄰保安街1段283號
交通部臺灣鐵路管理局樹林車站,新北市樹林區樹北里16鄰鎮前街112號
家樂福樹林店,新北市樹林區潭底里10鄰大安路118號
家樂福北大店,新北市樹林區南園里29鄰大雅路288號B1
樹林保安公共托育中心,新北市樹林區保安里003鄰保安街1段7號1、2樓
樹林武林公共托育中心,新北市樹林區金寮里008鄰保安街2段151號
樹林國民運動中心,新北市樹林區圳安里003鄰中正路188-6號
交通部公路總局台北區監理所,新北市樹林區中正路248巷7號
新北市立圖書館雙溪分館,新北市雙溪區雙溪里16鄰太平路50號3樓
新北市雙溪區公所,新北市雙溪區共和里查無資料東榮街25號
新北市雙溪區衛生所,新北市雙溪區新基里16鄰新基西街19號
新北市蘆洲戶政事務所,新北市蘆洲區仁義里1鄰集賢路245號8樓
新北市立圖書館蘆洲永平分館,新北市蘆洲區永樂里3鄰永平街1號3樓
新北市立圖書館蘆洲永安分館,新北市蘆洲區延平里7鄰永安南路2段134號2-3樓
新北市立圖書館蘆洲長安分館,新北市蘆洲區忠義里1鄰長安街96號
新北市立圖書館蘆洲集賢分館,新北市蘆洲區仁義里1鄰集賢路245號4樓
新北市立圖書館蘆洲親子兒童分館,新北市蘆洲區樓厝里23鄰集賢路221巷11號2樓
新北市蘆洲區公所,新北市蘆洲區保和里1鄰三民路95號
新北市蘆洲區衛生所,新北市蘆洲區保和里1鄰中央路58號
新北政府警察局蘆洲分局,新北市蘆洲區南港里8鄰三民路609號
蘆洲國民運動中心,新北市蘆洲區正義里10鄰長樂路235-1號
蘆洲鷺江公共托育中心,新北市蘆洲區查無資料民族路7號
蘆洲長安公共托育中心,新北市蘆洲區忠義里001鄰長安街96號2樓
蘆洲成功公共托育中心,新北市蘆洲區成功里027鄰長安街311號
蘆洲集賢公共托育中心,新北市蘆洲區仁義里001鄰集賢路245號3樓
富麗生活事業股份有限公司-徐匯廣場,新北市蘆洲區中山一路8號
新北市鶯歌戶政事務所,新北市鶯歌區北鶯里8鄰仁愛路53號
新北市立圖書館鶯歌分館,新北市鶯歌區西鶯里15鄰中山路150號3樓
新北市鶯歌區公所,新北市鶯歌區北鶯里8鄰仁愛路55號
新北市鶯歌區衛生所,新北市鶯歌區查無資料文化路389號
新北市立鶯歌陶瓷博物館,新北市鶯歌區南靖里12鄰文化路200號
新北市立鶯歌陶瓷博物館三鶯藝術村,新北市鶯歌區東鶯里14鄰館前路300號
交通部臺灣鐵路管理局鶯歌車站,新北市鶯歌區東鶯里4鄰文化路68-1號
鶯歌昌福公共托育中心,新北市鶯歌區永昌里004鄰永明街22號2樓
內政部營建署,臺北市松山區
交通部運輸研究所,臺北市松山區
臺北市政府警察局保安警察大隊,臺北市松山區介壽里5鄰延壽街339號1樓
交通部公路總局臺北市區監理所,臺北市松山區吉祥里26鄰八德路4段21號2樓
臺北自來水事業處(東區營業分處),臺北市松山區精忠里7鄰光復北路266號1樓
三軍總醫院松山分院附設民眾診療服務處,臺北市松山區龍田里14鄰健康路131號5樓
交通部民用航空局臺北國際航空站,臺北市松山區
交通部民用航空局臺北國際航空站,臺北市松山區精忠里11鄰敦化北路340-9號國際線1樓內候機室行李提領旁
交通部民用航空局臺北國際航空站,臺北市松山區精忠里11鄰敦化北路340-9號國內線1樓外候機室全家便利商店旁
交通部民用航空局臺北國際航空站,臺北市松山區精忠里11鄰敦化北路340-9號國內線1樓外候機室行李託運旁
交通部民用航空局臺北國際航空站,臺北市松山區精忠里11鄰敦化北路340-9號國內線1樓內候機室安檢查驗旁
交通部民用航空局臺北國際航空站,臺北市松山區精忠里11鄰敦化北路340-9號國內線2樓內候機室10號登機門前
交通部民用航空局臺北國際航空站,臺北市松山區精忠里11鄰敦化北路340-9號國際線2樓內候機室9號登機門旁
交通部民用航空局臺北國際航空站,臺北市松山區精忠里11鄰敦化北路340-9號國際線2樓內候機室昇恆昌賣店旁
臺北市立藝文推廣處,臺北市松山區美仁里11鄰八德路3段25號3樓
臺北大眾捷運股份有限公司-臺北小巨蛋,臺北市松山區美仁里11鄰南京東路4段2號B1樓
微風廣場實業股份有限公司,臺北市松山區中崙里2鄰復興南路1段39號2樓A棟
京華城股份有限公司,臺北市松山區復盛里17鄰八德路4段138號5樓育嬰室
台灣家樂福股份有限公司三民分公司,臺北市松山區富錦里18鄰三民路160號2樓
臺北偶戲館,臺北市松山區復盛里21鄰市民大道5段99號2樓
臺北市政府體育局,臺北市松山區美仁里11鄰南京東路4段10號1樓
食祿軒餐廳股份有限公司慶城分公司,臺北市松山區中正里31鄰復興北路99號2樓
臺北市立圖書館三民分館,臺北市松山區三民里18鄰民生東路5段163-1號5樓兒童閱覽室正前方
臺北市東區單親家庭服務中心,臺北市松山區安平里2鄰南京東路5段251巷/46弄5號7樓
臺北市立圖書館啟明分館,臺北市松山區中華里7鄰敦化北路155巷76號3樓
空軍松山基地指揮部,臺北市松山區精忠里11鄰民權東路4段121號1樓
臺北市政府警察局松山分局,臺北市松山區中正里11鄰南京東路4段12號1樓
臺北市榮民服務處,臺北市松山區吉祥里27鄰光復北路1號4樓
臺北市政府社會局發展遲緩兒童早期療育通報及轉介中心,臺北市松山區三民里18鄰民生東路5段163之1號7樓
臺北市松山區戶政事務所,臺北市松山區慈祐里18鄰八德路4段692號5樓
臺北市政府民政局民生社區中心,臺北市松山區三民里18鄰民生東路5段163-1號4樓
臺北市立松山幼兒園,臺北市松山區
臺北市立圖書館民生分館,臺北市松山區精忠里1鄰敦化北路199巷5號4樓
臺北田徑場,臺北市松山區美仁里11鄰敦化北路3號1樓
臺北市立圖書館松山分館,臺北市松山區慈祐里18鄰八德路4段688號8樓
微風置地股份有限公司南京分公司,臺北市松山區中正里24鄰南京東路3段337號B1樓醫護室旁
臺北市松山區公所,臺北市松山區慈祐里18鄰八德路4段692號7樓
臺北市松山運動中心,臺北市松山區美仁里11鄰敦化北路1號1樓女更衣室旁
臺北市立圖書館中崙分館,臺北市松山區中正里12鄰長安東路2段229號7樓
臺北大眾捷運股份有限公司-南京復興站,臺北市松山區中正里26鄰南京東路3段253號B2樓西側大廳
臺北市松山親子館,臺北市松山區三民里18鄰民生東路5段163-1號3樓
臺北市政府(第一哺集乳室)(市民服務組),臺北市信義區西村里市府路1號1樓
臺北市政府(第二哺集乳室)(市民服務組),臺北市信義區西村里市府路1號1樓
臺北市政府(第三哺集乳室)(市民服務組),臺北市信義區西村里市府路1號1樓
臺北市議會,臺北市信義區興隆里仁愛路4段507號1樓
臺北市信義區健康服務中心,臺北市信義區西村里信義路5段15號1樓
臺北市信義區公所,臺北市信義區西村里信義路5段15號7樓
臺北市信義區戶政事務所,臺北市信義區西村里信義路5段15號2樓
臺北市松山地政事務所,臺北市信義區三張里莊敬路391巷11弄2號1樓
臺北市動物保護處,臺北市信義區泰和里吳興街600巷109號1樓
臺北市政府警察局婦幼警察隊,臺北市信義區三犁里信義路5段180號1樓
中國青年救國團臺北市信義運動中心,臺北市信義區三張里松勤路100號1樓
行政院公共工程委員會,臺北市信義區興雅里松仁路3號9樓
國軍退除役官兵輔導委員會,臺北市信義區廣居里忠孝東路5段222號4樓
內政部警政署刑事警察局,臺北市信義區新仁里忠孝東路4段553巷5號B1樓
台灣中油股份有限公司,臺北市信義區興雅里松仁路3號5樓
臺北世界貿易中心展覽大樓(世貿一館),臺北市信義區西村里信義路5段5號
臺北世界貿易中心展覽大樓(世貿三館),臺北市信義區西村里松壽路6號
臺北市立聯合醫院松德院區,臺北市信義區三犁里松德路309號1樓
交通部臺灣鐵路管理局松山車站,臺北市信義區永吉里松山路(付費區)11號
交通部臺灣鐵路管理局松山車站,臺北市信義區永吉里松山路(非付費區)11號
新光三越百貨股份有限公司-信義分公司A8館,臺北市信義區西村里松高路12號4樓
新光三越百貨股份有限公司-信義分公司A11館,臺北市信義區西村里松壽路11號
誠品生活股份有限公司-信義店,臺北市信義區興雅里松高路11號
臺北市政府警察局信義分局,臺北市信義區西村里信義路5段17號
臺北市立信義幼兒園,臺北市信義區
統一開發股份有限公司,臺北市信義區興雅里忠孝東路5段6號
新光三越百貨股份有限公司-信義分公司A9館,臺北市信義區西村里松壽路11號
台北金融大樓股份有限公司,臺北市信義區西村里市府路45號
寶麗廣場BELLAVITA,臺北市信義區興雅里松仁路28號
統一百華股份有限公司台北分公司,臺北市信義區興雅里忠孝東路5段8號
家福(股)有限公司台北東興分公司,臺北市信義區新仁里東興路45號
遠百企業股份有限公司忠孝店,臺北市信義區富台里忠孝東路5段297號
松山文創園區,臺北市信義區新仁里光復南路133號2樓
臺北市立圖書館永春分館,臺北市信義區長春里松山路294號3樓
臺北市立圖書館三興分館,臺北市信義區景聯里吳興街156巷6號5樓
臺北市立圖書館六合分館,臺北市信義區六合里松仁路240巷19號5樓
ATT4FUN,臺北市信義區西村里松壽路12號
威秀影城股份有限公司,臺北市信義區西村里松壽路20號
臺北世界貿易中心展覽大樓(世貿一館),臺北市信義區西村里信義路1段5號
誠品生活松菸店,臺北市信義區新仁里菸廠路88號
微風置地股份有限公司-微風松高,臺北市信義區西村里松高路16號
信義區親子館,臺北市信義區景新里松勤街50號信義公民會館A館
微風置地股份有限公司-信義店,臺北市信義區西村里忠孝東路5段68號
台北金融大樓股份有限公司,臺北市信義區西村里市府路45號
國立國父紀念館,臺北市信義區興隆里仁愛路4段505號B1樓
新光三越百貨股份有限公司台北信義分公司A4館,臺北市信義區西村里松高路19號3樓
中華民國對外貿易發展協會台北世貿中心展會營運處(台北國際會議中心),臺北市信義區西村里信義路5段1號
臺北市立圖書館,臺北市大安區新龍里19鄰建國南路2段125號B1樓
臺北市客家文化會館,臺北市大安區和安里6鄰信義路3段157巷11號1樓
公務人力發展中心,臺北市大安區龍坡里1鄰新生南路3段30號5樓
經濟部工業局,臺北市大安區民炤里11鄰信義路3段41-3號7樓
臺北市立聯合醫院仁愛院區,臺北市大安區仁慈里5鄰仁愛路4段10號2樓小兒科門診旁
臺北大眾捷運股份有限公司-忠孝復興站,臺北市大安區義村里27鄰忠孝東路4段47號3號出口大廳層
太平洋崇光百貨股份有限公司忠孝館,臺北市大安區光武里27鄰忠孝東路4段45號5樓
臺北市大安運動中心,臺北市大安區臥龍里4鄰辛亥路3段55號1樓
明曜百貨股份有限公司,臺北市大安區建倫里9鄰忠孝東路4段200號7樓
臺灣電力公司台北市區營業處,臺北市大安區學府里1鄰基隆路4段75號1樓服務臺旁
臺北市大安區公所,臺北市大安區龍安里1鄰新生南路2段86號9樓
臺北市立大安幼兒園,臺北市大安區群英里32鄰四維路198巷/31弄11號多功能教室
臺北市殯葬管理處,臺北市大安區學府里15鄰辛亥路3段330號景仰廳1樓駐衛警旁
臺北市大安區健康服務中心,臺北市大安區臥龍里5鄰辛亥路3段15號1樓
中華民國交通部觀光局,臺北市大安區正聲里1鄰忠孝東路4段290號6樓
臺北市政府警察局大安分局,臺北市大安區民炤里2鄰仁愛路3段2號1樓
臺灣銀行信義分行,臺北市大安區光明里1鄰信義路2段88號B1樓
臺北大眾捷運股份有限公司-忠孝新生站,臺北市大安區民輝里16鄰新生南路1段67號西側大廳通道
太平洋崇光百貨股份有限公司復興館,臺北市大安區義村里7鄰忠孝東路3段300號4樓
遠企購物中心,臺北市大安區全安里2鄰敦化南路2段267號4樓
臺灣銀行信安分行,臺北市大安區龍圖里1鄰信義路3段132號3樓
財政部臺北市國稅局大安分局,臺北市大安區龍安里1鄰新生南路2段86號4樓
臺北市立圖書館龍安民眾閱覽室,臺北市大安區錦安里13鄰永康街60號3樓
臺北市立圖書館道藩分館,臺北市大安區臥龍里5鄰辛亥路3段11號3樓
臺北市立圖書館大安分館,臺北市大安區黎元里19鄰辛亥路3段223號4樓兒童院覽室
國家教育研究院,臺北市大安區龍安里7鄰和平東路1段179號2樓
土地銀行和平分行,臺北市大安區群賢里10鄰和平東路3段15號1樓
建南區民活動中心,臺北市大安區新龍里17鄰信義路3段134巷82號2樓
臺灣銀行金山分行,臺北市大安區錦安里7鄰金山南路2段189號2樓
臺北市辛亥幼兒園,臺北市大安區臥龍里5鄰辛亥路3段11號教師辦公室內
臺北市正義幼兒園,臺北市大安區義村里15鄰忠孝東路3段216巷4弄41號1樓醫護室內
臺北大眾捷運股份有限公司-東門站,臺北市大安區永康里5鄰信義路2段166號B1樓
臺北大眾捷運股份有限公司-大安站,臺北市大安區龍圖里7鄰信義路3段180號B1樓
臺北和平藍球館,臺北市大安區臥龍里1鄰敦南街76巷28號2樓東側
臺北和平藍球館,臺北市大安區臥龍里1鄰敦南街76巷28號2樓北側
臺北市中山地政事務所,臺北市中山區行政里12鄰松江路357巷1號2樓
臺北市立美術館,臺北市中山區圓山里8鄰中山北路3段181號B1樓
臺北市政府警察局中山分局,臺北市中山區康樂里3鄰中山北路2段1號10樓
臺灣菸酒股份有限公司台北啤酒工場,臺北市中山區朱園里23鄰八德路2段85號1樓會客室旁
臺北市立聯合醫院 林森中醫院區,臺北市中山區恆安里8鄰林森北路530號3樓36診旁
臺北市立育航幼稚園,臺北市中山區復華里18鄰長春路256號3樓會議室內
新光三越百貨股份有限公司臺北南西分公司,臺北市中山區民安里9鄰南京西路12號6樓童裝部育嬰室
美麗華城市發展股份有限公司,臺北市中山區金泰里14鄰敬業三路20號4樓歡樂兒童館
教育部體育署,臺北市中山區力行里9鄰朱崙街20號1樓右側出納室旁
臺北市中山運動中心,臺北市中山區民安里15鄰中山北路2段44巷2號1樓兒童遊戲室旁
臺北市殯葬管理處第一殯儀館,臺北市中山區行政里13鄰民權東路2段145號1樓家屬休息室內
潤泰創新國際股份有限公司中崙分公司,臺北市中山區埤頭里14鄰八德路2段306號B1樓美商街
臺北市立中山幼兒園,臺北市中山區大直里21鄰大直街25號1樓辦公室旁1樓進門左側
家樂福大直店,臺北市中山區金泰里14鄰樂群三路 218號B1樓手扶梯旁
臺北市立圖書館大直分館,臺北市中山區大直里21鄰大直街25號25號3樓
臺北市立圖書館恆安閱覽室,臺北市中山區恆安里15鄰民權東路1段71巷19號2樓
臺北市立圖書館中山分館,臺北市中山區行政里15鄰松江路367號8樓電梯旁
臺北市政府原住民族事務委員會委外-風味館(2樓),臺北市中山區圓山里8鄰中山北路3段151號2樓風味館
桑斯伯國際有限公司榮星公園營業站(臺北市政府勞工局委外),臺北市中山區行仁里1鄰建國北路3段39號2樓
中山老人住宅暨服務中心,臺北市中山區中原里18鄰新生北路2段101巷2號1樓電腦教室內
花博公園天使生活館,臺北市中山區新庄里20鄰濱江街6號1樓洗手間側
桑斯博國際有限公司新生公園營業站(臺北市政府工務局公園路燈管理處新生公園游泳池)委外,臺北市中山區新庄里20鄰新生北路3段105號1樓入口右側更衣室旁
林安泰古厝民俗文物館,臺北市中山區新庄里20鄰濱江街5號1樓古厝內右外護龍
臺北市國稅局松山分局,臺北市中山區復華里12鄰南京東路3段131號3樓
臺北市立圖書館長安分館,臺北市中山區民安里3鄰長安西路3號4樓廁所旁
中山公民會館,臺北市中山區集英里12鄰中山北路2段128號2樓文史工作室對面
新光三越百貨股份有限公司台北南西分公司三館,臺北市中山區民安里10鄰南京西路15號5樓在廁所
臺北漁產運銷股份有限公司,臺北市中山區行孝里8鄰民族東路410巷2弄20號1樓側們入口處
臺北農產運銷股份有限公司,臺北市中山區行孝里16鄰民族東路336號1樓管理部總務課1樓警衛後方
臺北大眾捷運股份有限公司(松江南京站),臺北市中山區興亞里16鄰松江路126號捷運6.7號出口旁
財團法人臺北市會展產業發展基金會-花博公園圓山園區(爭艷館)圓山遊客服務中心,臺北市中山區圓山里11鄰玉門街1號花博美食商城AS23(服務台旁)
國稅局中北中南稽徵所,臺北市中山區中央里2鄰松江路219號3樓
國家圖書館,臺北市中正區建國里4鄰中山南路20號B1樓自習室內
臺北市立聯合醫院和平婦幼院區(婦幼院區1樓兒科門診),臺北市中正區南福里2鄰福州街12號1樓兒科門診候診區
臺北市立聯合醫院和平婦幼院區(婦幼院區健檢處旁),臺北市中正區南福里2鄰福州街12號1樓健檢處側門入口
台灣電力股份有限公司,臺北市中正區文盛里7鄰羅斯福路3段242號1樓健康促進室
台灣電力股份有限公司,臺北市中正區文盛里7鄰羅斯福路3段242號副樓9樓
國立台灣博物館南門園區,臺北市中正區龍福里15鄰南昌路1段1號1樓行政大樓警衛室旁
臺北自來水園區,臺北市中正區水源里1鄰思源街1號1樓護理站
臺北自來水園區,臺北市中正區水源里1鄰思源街1號1樓護理站
立法院,臺北市中正區幸福里1鄰中山南路1號B1樓
內政部移民署-臺北市服務站,臺北市中正區南門里14鄰廣州街15號B1樓
交通部臺灣鐵路管理局-臺北車站,臺北市中正區黎明里3鄰北平西路3號3樓西2入口
遠東百貨股份有限公司台北分公司,臺北市中正區建國里6鄰寶慶路32號5樓奇哥專櫃旁
臺北市中正運動中心,臺北市中正區東門里16鄰信義路1段1號1樓服務台旁邊
臺北市立圖書館(城中分館),臺北市中正區8鄰濟南路2段46號3樓左側
立法院中興大樓(研究會館),臺北市中正區幸福里2鄰濟南路1段3之1號B1樓
臺北市政府警察局中正第二分局,臺北市中正區南門里10鄰南海路35號1樓
臺北市交通事件裁決所,臺北市中正區水源里4鄰羅斯福路4段92號7樓B區
臺北市立聯合醫院和平婦幼院區(和平院區2樓),臺北市中正區愛國里3鄰中華路2段33號2樓
洛德城堡,臺北市中正區水源里8鄰汀州路3段160號1樓淋浴間旁
寶藏巖國際藝術村(財團法人台北市文化基金會),臺北市中正區水源里6鄰汀州路3段51巷5號1樓十字廣場旁
水源劇場,臺北市中正區水源里4鄰羅斯福路4段92號10樓B區
臺灣高等法院（民事庭貴陽街）,臺北市中正區建國里6鄰貴陽街1段233號2樓民事庭
臺灣高等法院（刑事庭博愛路）,臺北市中正區建國里4鄰博愛路127號2樓刑事庭
三軍總醫院汀州院區(汀州門診2樓),臺北市中正區9鄰汀州路3段40號2樓
新光三越百貨台北站前分公司,臺北市中正區黎明里11鄰忠孝西路1段66號8樓兒童商品區
臺北市政府警察局交通警察大隊,臺北市中正區南門里15鄰愛國西路26號1樓
臺北青年職涯發展中心(臺北市就業服務處),臺北市中正區東門里4鄰仁愛路1段17號2樓
國立中正紀念堂管理處,臺北市中正區東門里16鄰中山南路21號1樓愛國東路大孝門
臺大醫院(東址南棟1樓),臺北市中正區東門里3鄰中山南路7號1樓東址南棟
內政部,臺北市中正區東門里3鄰徐州路5號3樓
交通部,臺北市中正區東門里15鄰仁愛路1段50號1樓
臺北市青少年發展處,臺北市中正區東門里8鄰仁愛路1段17號3樓
131FUN心玩親子館(委託靖娟兒童安全文教基金會),臺北市中正區龍興里12鄰三元街131號1樓夾層
臺北市福安兒童服務中心,臺北市中正區龍興里9鄰汀州路1段123號3樓
臺北市立圖書館王貫英紀念館,臺北市中正區頂東里17鄰汀州路2段265號1樓
臺北市客家文化主題公園,臺北市中正區林興里8鄰汀州路3段2號1樓臺北市客家音樂戲劇中心
中華郵政股份有限公司臺北北門郵局,臺北市中正區光復里2鄰博愛路1號1樓櫃台旁
臺北大眾捷運股份有限公司（古亭站）,臺北市中正區11鄰羅斯福路2段164號B1樓7號出口旁
臺灣臺北地方法院,臺北市中正區建國里4鄰博愛路131號B1樓
臺灣臺北地方法院檢察署(對外),臺北市中正區建國里4鄰博愛路131號B1
經濟部礦務局,臺北市中正區光復里9鄰中華路1段53號1樓
中央健康保險署臺北業務組,臺北市中正區黎明里4鄰公園路15之1號5樓第一辦公室
中央健康保險署臺北業務組,臺北市中正區黎明里4鄰公園路15之1號1樓
臺北大眾捷運股份有限公司（臺北車站）,臺北市中正區黎明里3鄰忠孝西路1段49號近板南線3號詢問處
臺北大眾捷運股份有限公司（西門站）,臺北市中正區建國里6鄰寶慶路32之1號B1樓4號出口
微風場站開發股份有限公司,臺北市中正區黎明里3鄰北平西路3號2樓西北角
臺北市政府警察局刑事警察大隊,臺北市中正區光復里11鄰武昌街1段69號2樓廁所旁
臺北市中山堂管理所,臺北市中正區光復里9鄰延平南路98號1樓售票口內
臺北市家庭暴力暨性侵害防治中心,臺北市中正區建國里2鄰延平南路123號5樓
臺北大眾捷運股份有限公司（中正紀念堂站）,臺北市中正區龍福里4鄰羅斯福路1段8之1號B2
臺北教師會館,臺北市中正區龍福里9鄰南海路15號7樓
郵政博物館,臺北市中正區龍福里21鄰重慶南路2段45號4樓
臺北市站前B街場地利用合作社,臺北市中正區黎明里12鄰忠孝西路1段50之1號1樓站前B街行政中心旁
臺北市台北B街場地利用合作社1,臺北市中正區黎明里3鄰市民大道1段8號3樓台北B街行政服務中心
臺北市台北B街場地利用合作社2,臺北市中正區黎明里3鄰市民大道1段8號3樓台北B街行政服務中心
公有南門市場,臺北市中正區龍福里23鄰羅斯福路1段8號2樓
臺北市稅捐稽徵處,臺北市中正區梅花里2鄰北平東路7號之2號1樓後棟
台北自來水事業處西區營業分處,臺北市中正區南福里18鄰牯嶺街38號1樓
交通部臺灣鐵路管理局台北運務段臺北站,臺北市中正區黎明里3鄰北平西路3號1樓售票大廳
交通部臺灣鐵路管理局台北運務段臺北站,臺北市中正區黎明里3鄰北平西路3號B1樓東南角親子廁所旁
台灣高速鐵路股份有限公司台北車站,臺北市中正區黎明里3鄰北平西路3號B1樓東進口、7-12車付費區
臺北國際藝術村(財團法人台北市文化基金會),臺北市中正區梅花里2鄰北平東路7號2樓2樓
光華商場發展協會,臺北市中正區梅花里14鄰市民大道3段8號1樓電子展示區旁
臺北市政府警察局,臺北市中正區光復里9鄰延平南路96號1樓
國立台灣大學醫學院附設醫院(西址院區婦產科門診),臺北市中正區黎明里4鄰常德街1號1樓婦產科門診
國立台灣大學醫學院附設醫院(兒童醫療大樓兒科 2樓),臺北市中正區黎明里4鄰中山南路8號2樓兒童醫療大樓兒科門診
國立台灣大學醫學院附設醫院(兒童醫療大樓兒科 3樓),臺北市中正區黎明里4鄰中山南路8號3樓兒童醫療大樓兒科門診
國立台灣大學醫學院附設醫院(兒童醫療大樓兒科 4樓),臺北市中正區黎明里4鄰中山南路8號4樓兒童醫療大樓兒科門診
臺灣銀行股份有限公司,臺北市中正區建國里1鄰重慶南路1段120號1樓警衛室旁
臺灣土地銀行營業部,臺北市中正區黎明里10鄰館前路46號2樓
勞動部,臺北市中正區黎明里11鄰館前路77號4樓
臺北市大同區健康服務中心,臺北市大同區蓬萊里10鄰昌吉街52號2樓
臺北市立聯合醫院中興院區/門診,臺北市大同區玉泉里9鄰鄭州路145號1樓
臺北市政府警察局大同分局,臺北市大同區雙連里23鄰錦西街200號1樓
臺北市政府工務局衛生下水道工程處,臺北市大同區老師里12鄰酒泉街235號1樓
臺北市大同區公所,臺北市大同區揚雅里10鄰昌吉街57號4樓
財政部關務署,臺北市大同區玉泉里6鄰塔城街13號1樓
臺北市孔廟管理委員會,臺北市大同區保安里10鄰大龍街275號1樓
家福股份有限公司重慶分公司,臺北市大同區雙連里31鄰重慶北路2段171號1樓
萬達通實業股份有限公司臺北轉運站,臺北市大同區建明里25鄰市民大道1段209號1樓
京站時尚廣場/B3,臺北市大同區建明里19鄰承德路1段1號B3樓
京站時尚廣場/2F,臺北市大同區建明里19鄰承德路1段1號2樓
京站時尚廣場/3F,臺北市大同區建明里19鄰承德路1段1號2樓
臺北市立社教館大稻埕戲苑,臺北市大同區永樂里1鄰迪化街1段21號8樓茶水間旁
臺北市西區單親家庭成長中心,臺北市大同區永樂里1鄰迪化街1段21號7樓
臺灣銀行(延平分行),臺北市大同區玉泉里1鄰南京西路406號1樓
臺灣銀行(民權分行),臺北市大同區民權里17鄰承德路2段239號1樓
臺北當代藝術館,臺北市大同區建泰里1鄰長安西路39號1樓
臺北捷運股份有限公司-民權西路站,臺北市大同區民權里17鄰民權西路72號1樓
臺北市立圖書館蘭州民眾閱覽室,臺北市大同區揚雅里10鄰昌吉街57號4樓之6
臺北市立圖書館延平分館,臺北市大同區延平里4鄰保安街47號1樓
臺北市立圖書館大同分館,臺北市大同區老師里13鄰重慶北路3段318號1樓
臺北市立圖書館建成分館,臺北市大同區星明里7鄰民生西路198之20號4樓
臺北捷運股份有限公司-大橋頭站,臺北市大同區隆和里4鄰民權西路223號B1樓
臺北市大同親子館,臺北市大同區民權里15鄰涼州街2之16號1樓
臺北市政府消防局第四救災救護大隊大同分隊,臺北市大同區民權里4鄰重慶北路2段223號1樓
臺北市兒童發展評估療育中心,臺北市大同區玉泉里9鄰鄭州路145號1樓
衛生福利部國民健康署,臺北市大同區玉泉里9鄰塔城街36號1樓
臺北捷運股份有限公司-中山站,臺北市大同區光能里15鄰南京西路55號1樓
臺北市大同運動中心,臺北市大同區蓬萊里10鄰大龍街51號
臺北市萬華區公所,臺北市萬華區富福里1鄰和平西路3段120號12樓
臺北市萬華區戶政事務所,臺北市萬華區富福里1鄰和平西路3段120號5樓
財政部臺北市國稅局萬華稽徵所,臺北市萬華區仁德里12鄰桂林路52號5樓
財政部臺北市國稅局,臺北市萬華區福星里1鄰中華路1段2號
臺北市政府環境保護局環保稽查大隊,臺北市萬華區福星里8鄰西寧南路4號3樓
臺北市立圖書館-萬華分館,臺北市萬華區日善里1鄰東園街19號6樓
交通部臺灣鐵路局運務處臺北運務段-萬華站,臺北市萬華區富福里7鄰康定路382號
國立臺灣大學醫學院附設醫院北護分院,臺北市萬華區西門里9鄰內江街87號
臺北市立聯合醫院林森院區中醫門診中心,臺北市萬華區萬壽里7鄰昆明街100號
臺北市政府民政局新移民會館 （萬華區）,臺北市萬華區菜園里17鄰長沙街2段171號3樓
臺北市私立國興非營利幼兒園(臺北市政府委託財團法人海棠文教基金會辦理),臺北市萬華區凌霄里10鄰國興路46號
臺北市立萬華幼兒園,臺北市萬華區青山里14鄰梧州街36號
臺北市立南海實驗幼兒園,臺北市萬華區雙園里18鄰西藏路424號
家樂福股份有限公司台北桂林分公司,臺北市萬華區仁德里10鄰桂林路1號
臺北市立圖書館─東園分館,臺北市萬華區全德里1鄰東園街199號
臺北市立圖書館─西園分館,臺北市萬華區頂碩里15鄰興寧街6號
中華郵政股份有限公司莒光郵局,臺北市萬華區頂碩里16鄰莒光路210號
臺北市萬華運動中心,臺北市萬華區福星里6鄰西寧南路6號之1
臺北市立聯合醫院附設萬華門診部,臺北市萬華區保德里8鄰東園街152號1樓
西園29服飾創作基地,臺北市萬華區雙園里1鄰西園路2段9號
西門紅樓(財團法人台北市文化基金會),臺北市萬華區西門里7鄰成都路10號
臺北市立圖書館柳郷民眾閱覽室,臺北市萬華區柳鄉里4鄰環河南路2段102號4樓
臺北市立圖書館─龍山分館,臺北市萬華區福音里9鄰桂林路65巷6號
臺灣銀行龍山分行,臺北市萬華區富福里7鄰康定路380號
臺北市建成地政事務所,臺北市萬華區富福里1鄰和平西路3段120號7樓
龍山寺地下街商場,臺北市萬華區富民里20鄰西園路1段145號B1樓
龍山寺地下街商場,臺北市萬華區富民里20鄰西園路1段145號B2樓
臺北市畜產運銷股份有限公司,臺北市萬華區華江里1鄰環河南路2段338號
臺北市農產運銷股份有限公司,臺北市萬華區興德里17鄰萬大路533號
臺北市政府社會局-龍山老人服務中心,臺北市萬華區青山里14鄰梧州街36號3樓
臺北市政府文化局第二科-剝皮寮西側歷史街區,臺北市萬華區福音里12鄰廣州街141號
臺北市漁產運銷股份有限公司,臺北市萬華區興德里17鄰萬大路531號
環南市場,臺北市萬華區綠堤里1鄰環河南路2段245號
龍山市場,臺北市萬華區富福里1鄰和平西路3段120號3樓
臺北市萬華親子館,臺北市萬華區騰雲里8鄰水源路199號2樓
臺北市立文獻館(臺北市政府文化局),臺北市萬華區新起里25鄰中華路1段174號之1
糖業文化展示館,臺北市萬華區  糖廍里15鄰大理街132-10號
臺北市青年公園高爾夫球練習場,臺北市萬華區騰雲里5鄰國興路5號
臺北市文山區健康服務中心,臺北市文山區木新里1鄰木柵路3段220號1樓
海洋委員會海巡署,臺北市文山區
考試院,臺北市文山區試院里3鄰試院路1號1樓總務科內
銓敘部,臺北市文山區試院里3鄰試院路1之2號1樓詮衡樓
臺北市文山區公所,臺北市文山區木新里1鄰木柵路3段220號9樓女生化妝室旁
臺北市文山區戶政事務所,臺北市文山區木新里1鄰木柵路3段220號2樓大廳(等候區旁)
臺北市古亭地政事務所,臺北市文山區萬和里14鄰萬隆街47之12號3樓服務臺旁
臺北市政府警察局文山第一分局,臺北市文山區明義里5鄰木柵路2段202號1樓服務臺左後方
臺北市政府警察局文山第二分局,臺北市文山區景行里8鄰景中街2號3樓
臺北市政府環境保護局木柵垃圾焚化廠,臺北市文山區博嘉里1鄰木柵路5段53號B1樓行政大樓
臺北市政府公務人員訓練處,臺北市文山區興昌里5鄰萬美街2段21巷20號1樓客服中心c區保健室後方
公務人員保障暨培訓委員會,臺北市文山區試院里3鄰試院路1之3號5樓玉衡樓
臺北市立聯合醫院政大門診部,臺北市文山區政大里1鄰指南路2段117號1樓注射室對面
臺北市立動物園,臺北市文山區萬興里31鄰新光路2段30號服務台旁護理站內
臺北市立動物園,臺北市文山區萬興里31鄰新光路2段30號爬蟲館
臺北市立萬芳醫院-委託財團法人臺北醫學大學辦理,臺北市文山區興光里7鄰興隆路3段111號2樓兒科門診
博嘉運動公園,臺北市文山區博嘉里6鄰木柵路4段159巷2樓行政辦公室旁
臺北市文山運動中心,臺北市文山區興得里25鄰興隆路3段222號1樓服務臺旁
臺北市文山婦女暨家庭服務中心,臺北市文山區景行里22鄰景後街151號3樓
考選部,臺北市文山區試院里3鄰試院路1之1號7樓考選部
考選部國家考場,臺北市文山區試院里30鄰木柵路1段72號1樓國家考場
財政部臺北國稅局(文山稽徵所),臺北市文山區木新里1鄰木柵路3段220號6樓文山稽徵所
臺北市藝文推廣處(文山劇場),臺北市文山區景行里2鄰景文街32號2樓教育館
臺北市立圖書館文山分館,臺北市文山區興業里2鄰興隆路2段160號7樓兒童室旁
財團法人臺北市私立恆安老人長期照顧中心受託經營臺北市兆如老人安養護中心,臺北市文山區政大里5鄰政大二街129號1樓竹苑
臺北市立圖書館永建分館,臺北市文山區華興里11鄰木柵路1段177號4樓圖書館
臺北市政府社會局(文山社會福利服務中心),臺北市文山區興業里2鄰興隆路2段160號6樓大門口入口左側
臺北市立圖書館萬興分館,臺北市文山區萬興里1鄰萬壽路27號4樓圖書館
財團法人優人藝術文化基金會永安藝文館,臺北市文山區順興里8鄰木新路2段156之1號2樓閱覽室
臺北市大眾捷運股份有限公司-貓空纜車,臺北市文山區萬興里31鄰新光路2段28號1樓 遊客中心
臺北市大眾捷運股份有限公司-貓空纜車,臺北市文山區萬興里31鄰新光路2段28號1樓 遊客中心
臺北市大眾捷運股份有限公司-貓空纜車,臺北市文山區萬興里31鄰新光路2段28號貓空站(終點站內)
臺北市立圖書館力行分館,臺北市文山區樟新里5鄰一壽街22號5樓圖書館
臺北市立文山幼兒園,臺北市文山區明義里19鄰興隆路4段105巷1號2樓前棟
臺北市立圖書館景美分館,臺北市文山區萬和里7鄰羅斯福路5段176巷50號3樓圖書館
臺北市立圖書館木柵分館,臺北市文山區木新里1鄰保儀路13巷3號4樓圖書館
臺北市立圖書館萬芳民閱閱覽室,臺北市文山區萬芳里26鄰萬美街1段25號2樓圖書館
臺北市立圖書館景新分館,臺北市文山區景行里22鄰景後街151號6樓圖書館
臺北市政府社會局老人自費安養中心,臺北市文山區忠順里9鄰興隆路4段109巷 /30弄6號活動中心內
臺北市文山老人養護中心,臺北市文山區興豐里16鄰興隆路2段95巷8號5樓
臺北花木批發市場（花木市場）,臺北市文山區萬盛里10鄰興隆路1段15號2樓
臺北市文山老人服務中心,臺北市文山區萬興里1鄰萬壽路27號6樓
臺北市公有興隆市場 ,臺北市文山區興豐里16鄰興隆路2段97號自治會旁樓下
國家文官學院,臺北市南港區中南里忠孝東路7段576號6樓606室
臺北市政府警察局南港分局,臺北市南港區重陽里向陽路150號1樓
中央研究院,臺北市南港區中研里研究院路2段128號1樓綜合體育館(醫務室旁)
中央研究院,臺北市南港區中研里研究院路2段128號3樓人文社會科學館南棟(醫務室旁)
中央研究院,臺北市南港區中研里研究院路2段128號1樓歐美所圖書館(醫務室旁)
臺北市南港運動中心,臺北市南港區玉成里玉成街69號2樓
交通部臺灣鐵路管理局臺北運務段南港站,臺北市南港區南港里南港路1段313號B2樓非付費區女廁旁
交通部臺灣鐵路管理局臺北運務段南港站,臺北市南港區南港里南港路1段313號B2樓7-11後方
臺北巿立聯合醫院附設南港門診部,臺北市南港區南港里南港路1段360號1樓門診診間左側
臺北巿立聯合醫院忠孝院區,臺北市南港區萬福里同德路87號2樓小兒科門診
臺灣家福股份有限公司南港分公司,臺北市南港區東明里南港路2段20巷5號B2樓
南港軟體工業園區管理委員會,臺北市南港區三重里三重路19-10號1樓
臺北捷運公司-南港展覽館站,臺北市南港區新富里研究院路1段1號5號出口付費區大廳
臺北市南港區公所,臺北市南港區南港里南港路1段360號2樓
臺北市立圖書館舊荘分館,臺北市南港區舊莊里舊莊街1段91巷11號3樓
臺北市立圖書館南港分館,臺北市南港區南港里市民大道8段367號2樓
南港國際展覽中心,臺北市南港區三重里經貿二路1號1樓
南港老人服務中心,臺北市南港區重陽里重陽路187巷5號2樓
臺北市南港區戶政事務所,臺北市南港區南港里南港路1段360號4樓民眾洽公區(電梯旁)
臺北市政府環境保護局山豬窟游泳池,臺北市南港區舊莊里舊莊街1段290巷32號2樓閱覽室
北原會館,臺北市南港區西新里向陽路49號4樓
臺北市立南港幼兒園,臺北市南港區重陽里重陽路199巷28號2樓
臺北市立圖書館龍華民眾閱覽室,臺北市南港區聯成里東新街63巷8號1樓
衛生福利部,臺北市南港區新光里忠孝東路6段488號3樓
CITY LINK南港店,臺北市南港區中南里忠孝東路7段369號2樓A棟
CITY LINK南港店,臺北市南港區中南里忠孝東路7段369號3樓B棟
CITY LINK南港店,臺北市南港區中南里忠孝東路7段369號3樓C棟
CITY LINK南港店,臺北市南港區中南里忠孝東路7段369號5樓C棟
CITY LINK南港店,臺北市南港區中南里忠孝東路7段369號7樓C棟
CITY LINK南港店,臺北市南港區中南里忠孝東路7段369號9樓C棟
台灣高速鐵路股份有限公司,臺北市南港區南港里南港路1段313號B2樓C側
三軍總醫院附設民眾診療服務處（內湖院區）(婦產部/1樓兒科門診),臺北市內湖區寶湖里成功路2段325號1樓
三軍總醫院附設民眾診療服務處（內湖院區）(婦產部/3樓員工哺集乳室),臺北市內湖區寶湖里成功路2段325號3樓
三軍總醫院附設民眾診療服務處（內湖院區）(婦產部/5樓婦產門診),臺北市內湖區寶湖里成功路2段325號5樓
臺北市政府環境保護局內湖區垃圾焚化廠,臺北市內湖區葫洲里安康路290號2樓　
大潤發流通事業股份有限公司內湖區內湖分公司（1館）,臺北市內湖區湖元里舊宗路1段128號2樓
大潤發流通事業股份有限公司內湖區南湖分公司（2館）,臺北市內湖區湖元里舊宗路1段188號3樓
好市多股份有限公司臺北內湖區分公司,臺北市內湖區湖元里舊宗路1段268號1樓
臺北市政府消防局防災科學教育館,臺北市內湖區湖興里成功路2段376號2樓
家福股份有限公司內湖區分公司,臺北市內湖區湖元里民善街88號3樓
臺灣士林地方法院內湖民事辦公大樓,臺北市內湖區湖興里民權東路6段91號3樓
臺北市政府警察局內湖分局,臺北市內湖區湖興里民權東路6段101號1樓
臺北市政府警察局內湖分局文德派出所,臺北市內湖區湖元里民權東路6段26號2樓
臺北市立圖書館內湖分館,臺北市內湖區湖興里民權東路6段99號6樓
臺北市立圖書館東湖分館,臺北市內湖區五分里五分街6號1樓
臺北市立圖書館西湖分館,臺北市內湖區
臺北市立內湖幼兒園,臺北市內湖區
臺北市內湖運動中心,臺北市內湖區港墘里洲子街12號1樓
哈啦影城有限公司,臺北市內湖區南湖里康寧路3段72號3樓
中欣實業股份有限公司-特力屋內湖店,臺北市內湖區湖元里新湖三路23號2樓
臺北市政府社會局-內湖老人服務中心,臺北市內湖區東湖里康樂街110巷16弄20號5樓
臺北市政府產業發展局-臺北市市場處/台北花卉產銷股份有限公司,臺北市內湖區湖元里新湖三路28號、36號2樓
臺北市立圖書館西中分館,臺北市內湖區西湖里內湖路1段285巷66號1樓
臺北市內湖親子館,臺北市內湖區西湖里內湖路1段659號2樓
臺北市士林區健康服務中心,臺北市士林區福德里19鄰中正路439號1樓
國立故宮博物院,臺北市士林區臨溪里8鄰至善路2段221號B1樓正館東側
國立故宮博物院,臺北市士林區臨溪里8鄰至善路2段221號B1樓正館西側
國立故宮博物院,臺北市士林區臨溪里8鄰至善路2段221號1樓文獻大樓
國立故宮博物院,臺北市士林區臨溪里8鄰至善路2段221號1樓行政大樓
臺灣士林地方法院,臺北市士林區三玉里8鄰士東路190號2樓
臺北市士林區戶政事務所,臺北市士林區福德里19鄰中正路439號3樓
臺北市立陽明教養院,臺北市士林區陽明里8鄰凱旋路61巷4弄9號1樓行政大樓
臺北市立天文科學教育館,臺北市士林區福佳里20鄰基河路363號1樓
臺北市職能發展學院,臺北市士林區三玉里6鄰士東路301號1樓醫務室
國立臺灣科學教育館,臺北市士林區福佳里士商路189號1樓售票處旁邊
國立臺灣科學教育館,臺北市士林區福佳里士商路190號10樓服務台旁隔間
國立臺灣科學教育館,臺北市士林區福佳里士商路191號B1樓
臺北市立聯合醫院陽明院區,臺北市士林區岩山里7鄰雨聲街105號2樓西區小兒科門診75室
大葉高島屋百貨股份有限公司,臺北市士林區三玉里14鄰忠誠路2段55號3樓
大葉高島屋百貨股份有限公司,臺北市士林區三玉里14鄰忠誠路2段55號12樓
家樂福股份有限公司天母分公司,臺北市士林區蘭興里17鄰德行西路47號B1樓停車場旁
新光三越百貨股份有限公司台北天母分公司,臺北市士林區天福里7鄰天母東路68號6樓A館
太平洋崇光百貨股份有限公司天母店,臺北市士林區德行里5鄰中山北路6段77號3樓
台灣電力公司台北北區營業處,臺北市士林區福林里8鄰中山北路5段380號1樓服務中心
臺北市立圖書館天母分館,臺北市士林區天山里20鄰中山北路7段154巷6號3樓兒童室
臺灣士林地方法院檢察署,臺北市士林區三玉里8鄰士東路190號1樓第一辦公室(西大門側)
臺北市區監理所士林監理站,臺北市士林區後港里25鄰承德路5段80號3樓行政室旁
台北數位藝術中心,臺北市士林區蘭興里福華路180號1樓入口處左側
臺北市士林運動中心,臺北市士林區福德里18鄰士商路1號1樓
特力屋股份有限公司士林分公司,臺北市士林區福德里20鄰基河路258號1樓
臺北自來水事業處陽明營業分處,臺北市士林區福林里11鄰中山北路5段82號之11樓
臺北市政府警察局士林分局,臺北市士林區仁勇里10鄰文林路235號1樓
臺北市立圖書館葫蘆堵分館,臺北市士林區福順里15鄰延平北路5段136巷1號6樓
臺北市政府體育局天母棒球場,臺北市士林區三玉里10鄰忠誠路2段77號2樓
臺北市士林區公所士林公民會館,臺北市士林區仁勇里13鄰大東路75號1樓
臺北市公有士林市場,臺北市士林區義信里3鄰基河路101號B1樓
臺北市士林地政事務所,臺北市士林區福德里19鄰中正路439號5樓
臺灣士林地方法院士林簡易庭,臺北市士林區福順里2鄰重慶北路4段2號2樓
臺北市立陽明教養院委託天主教耕莘醫療財團法人永和耕莘醫院經營管理-臺北市永福之家,臺北市士林區永福里5鄰莊頂路2號1樓服務台右側
臺北市士林親子館,臺北市士林區義信里14鄰基和路130號1樓
臺北市立圖書館李科永紀念圖書館,臺北市士林區福林里7鄰中正路15號B1樓
臺北高等行政法院,臺北市士林區德華里14鄰富國路101號1樓
臺北市公有士東市場,臺北市士林區蘭雅里5鄰士東路100號1樓1號門左側
臺北市兒童新樂園,臺北市士林區福佳里26鄰承德路5段55號1樓遊客服務中心
中華電信股份有限公司北區分公司台北營運處,臺北市士林區承德里17鄰基河路10號2樓茶水間旁
國立傳統藝術中心,臺北市士林區德華里17鄰文林路751號2樓B棟
陽明山國家公園管理處冷水坑遊客服務站,臺北市士林區菁山里竹子湖101巷246號1樓服務台
陽明山國家公園管理處擎天崗遊客服務站,臺北市士林區菁山里菁山路1-20號1樓服務台
臺北市北投區健康服務中心,臺北市北投區永明里4鄰石牌路2段111號1樓一樓
臺北北投區戶政事務所,臺北市北投區清江里1鄰新市街30號3樓大廳1樓
臺北市立圖書館石牌分館,臺北市北投區榮華里13鄰明德路208巷5號5樓5樓兒童室
臺北市教師研習中心,臺北市北投區湖山里1鄰建國街20號3樓3樓321室
陽明山國家公園管理處,臺北市北投區湖田里8鄰竹子湖路1-20號1樓遊客中心
陽明山國家公園管理處,臺北市北投區湖田里8鄰竹子湖路1-20號
臺北市立聯合醫院附設北投門診部,臺北市北投區清江里1鄰新市街30號5樓檢驗科與復健室中間
行政院國軍退除役官兵輔導委員會臺北榮民總醫院(湖畔門診3樓),臺北市北投區永欣里3鄰石牌路2段201號3樓湖畔門診
行政院國軍退除役官兵輔導委員會臺北榮民總醫院(中正8樓),臺北市北投區永欣里3鄰石牌路2段201號8樓中正樓
行政院國軍退除役官兵輔導委員會臺北榮民總醫院(一門診4樓),臺北市北投區永欣里3鄰石牌路3段2巷201號4樓一門診
行政院國軍退除役官兵輔導委員會臺北榮民總醫院(第3門診6樓),臺北市北投區永欣里3鄰石牌路2段201號6樓第三門診
行政院國軍退除役官兵輔導委員會臺北榮民總醫院(致德樓3樓),臺北市北投區永欣里3鄰石牌路2段322號3樓致德樓
臺北市立關渡醫院,臺北市北投區關渡里25鄰知行路225巷12號3樓婦幼門診部
國軍北投醫院附設民眾診療服務處,臺北市北投區林泉里5鄰新民路60號1樓批價櫃檯後方
臺北大眾捷運股份有限公司-北投機廠,臺北市北投區桃源里9鄰大業路527巷88號2樓醫務室
臺北市北投運動中心,臺北市北投區吉利里20鄰石牌路1段39巷100號1樓廁所對面
臺北市政府環境保護局北投垃圾焚化廠,臺北市北投區洲美里10鄰洲美街271號1樓管理大樓中庭
臺北市政府警察局北投分局,臺北市北投區大同里7鄰中央北路1段1號1樓大門進電梯旁
臺北市立北投幼兒園,臺北市北投區
臺北市立圖書館北投分館,臺北市北投區長安里18鄰光明路251號B1樓兒童圖書館
臺北市立浩然敬老院,臺北市北投區關渡里16鄰知行路75號3樓致和樓
臺北市立圖書館清江分館,臺北市北投區奇岩里10鄰公館路198號3樓
臺北市立圖書館稻香分館,臺北市北投區稻香里7鄰稻香路81號3樓
臺北市立圖書館吉利分館,臺北市北投區立農里25鄰立農街1段366號6樓
臺北市立圖書館秀山閱覽室,臺北市北投區秀山里7鄰中和街534號6樓
臺北市立圖書館永明閱覽室,臺北市北投區永明里4鄰石牌路2段115號7樓
臺北市政府警察局北投分局光明派出所,臺北市北投區中心里2鄰泉源路14號1樓
臺北市政府警察局北投分局永明派出所,臺北市北投區
臺北市政府警察局北投分局大屯派出所,臺北市北投區秀山里7鄰中和街534號2樓2樓
日勝生加賀屋國際溫泉飯店股份有限公司,臺北市北投區溫泉里11鄰溫泉路236號9樓923室
臺北市北投區公所,臺北市北投區清江里1鄰新市街30號4樓走廊右側
臺北市政府原住民事務委員會凱達格蘭文化館,臺北市北投區
臺北捷運公司北投站,臺北市北投區中央里12鄰光明路1號1樓大廳右側
臺北市政府文化局北投溫泉博物館,臺北市北投區臺北市北投區林泉里3鄰中山路2號1樓大門入口
國防部福利處臺北市北投區福利供應站,臺北市北投區稻香里1鄰中央北路2段338號1樓1號門入口旁
臺北市政府社會局北投社會福利服務中心,臺北市北投區清江里1鄰新市街1段30號5樓服務台左側
臺北市關渡自然公園管理處,臺北市北投區關渡里3鄰關渡路3段55號1樓醫護室
臺北市政府警察局北投分局關渡派出所,臺北市北投區關渡里1鄰大度路1段3巷305號B1樓
北投區健康管理醫院,臺北市北投區中心里3鄰中和街3段2號2樓\電梯旁
臺北市大眾捷運股份有限公司-北投會館,臺北市北投區桃源里9鄰大業路9段527巷88號B1樓地下室
臺北市北投區臺鐵員工訓練中心,臺北市北投區奇岩里5鄰大業路5段260號1樓教學大樓
好市多股份有限公司,臺北市北投區一德里15鄰立德路15段117號B1樓
北投麗禧酒店,臺北市北投區林泉里16鄰幽雅路30號B1樓
臺北市政府消防局,臺北市北投區湖山里16鄰勝利路1號1樓值班室旁
臺北市政府環境保護局北投垃圾焚化廠,臺北市北投區洲美街271號1樓回饋中心主題館1樓
行政院國軍退除役官兵輔導委員會,臺北市北投區石牌路2段201號1樓科技大樓
北投老爺酒店,臺北市北投區中和街2號2樓電梯旁
嘉義縣政府,嘉義縣太保市祥和新村祥和一路東段1號
嘉義縣社會局,嘉義縣太保市祥和二路東段1號4樓
嘉義縣家畜防治所,嘉義縣太保市太保一路1號
嘉義縣財政稅務局,嘉義縣太保市祥和二路東段5號
嘉義縣警察局,嘉義縣太保市祥和一路東段3號
嘉義縣人力發展所,嘉義縣太保市祥和二路東段8號
民雄表演藝術中心,嘉義縣民雄鄉建國路2段265號
大林地政事務所,嘉義縣大林鎮新興街110號
新港鄉公所,嘉義縣新港鄉宮前村中山路155號
新港戶政事務所,嘉義縣新港鄉中山路159號
水上地政事務所,嘉義縣水上鄉嘉朴路33 號
台中榮總灣橋分院,嘉義縣縣竹崎鄉灣橋村石麻園38號
署立朴子醫院,嘉義縣朴子市永和里42-50號
嘉義縣衛生局,嘉義縣太保市祥和二路東段3號1樓
布袋遊客服務中心,嘉義縣布袋鎮順安路61號
嘉義縣環保局,嘉義縣朴子市祥和二路西段2-1號
朴子市金臻圖書館,嘉義縣朴子市光復路36號
北回歸線太陽館,嘉義縣水上鄉下寮村鴿溪寮21-25號
東石漁人碼頭-蚵殼屋,嘉義縣東石鄉東石村3號
溪口鄉公所,嘉義縣溪口鄉溪北村中山路89號
阿里山鄉公所,嘉義縣阿里山鄉樂野村2鄰69號
阿里山旅客服務中心,嘉義縣阿里山鄉中正村59號
嘉義區監理所,嘉義縣朴子市朴子七路29號
阿里山工作站,嘉義縣阿里山鄉香林村17號
台灣菸酒-嘉義酒廠,嘉義縣民雄鄉福樂村中山路4號
台糖-蒜頭糖廠,嘉義縣六腳鄉工廠村1號
台灣銀行太保分行,嘉義縣太保市祥和新村和一路東段2號
台糖-南靖休閒中心,嘉義縣水上鄉靖和村1號
臺灣高鐵嘉義站,嘉義縣太保市高鐵西路168號
民航局嘉義航空站,嘉義縣水上鄉榮典路1號
阿里山火車站,嘉義縣阿里山鄉中正村1號
嘉義縣立圖書館,嘉義縣朴子市山通路7號
竹崎鄉立圖書館,嘉義縣竹崎鄉竹崎村中正路96號